instance id,request id,model,input,output,arrival,end_time,latency,queuing_delay,TTFT,TPOT,ITL
0,0,Qwen/Qwen3-30B-A3B-Instruct-2507,1134,330,1498890452,4500609961,3001719509,109548,64803970,8926794,"[8168534, 8168678, 8168822, 8168966, 8169110, 8169254, 8169398, 8169494, 8169638, 8169782, 8169926, 8170070, 8170214, 8170358, 8170502, 8170646, 8170790, 8170934, 8171078, 8171126, 8171174, 8171222, 8171318, 8171366, 8171414, 8171462, 29822315, 8908154, 8908298, 8908442, 8908586, 8908730, 8908922, 8908970, 8909066, 8909162, 8909258, 8909354, 8909450, 8909546, 8909642, 8909738, 8909834, 8909930, 8910026, 8910122, 8910218, 8910314, 8910410, 8910506, 8910602, 8910698, 8910794, 8910890, 8910986, 8911082, 8911178, 8911274, 8911370, 8911466, 8911562, 8911658, 8911754, 8911850, 8911946, 8912042, 8912138, 8912234, 8912330, 8912426, 8912522, 8912618, 8912714, 8912810, 8912906, 8913002, 8913098, 8913194, 8913290, 8913386, 8913482, 8913578, 8913674, 8913770, 8913866, 8913962, 8914058, 8914154, 8914250, 8914346, 8914394, 8914490, 8914586, 8914682, 8914778, 8914874, 8914970, 8915066, 8915162, 8915258, 8915354, 8915450, 8915546, 8915642, 8915738, 8915834, 8915930, 8916026, 8916122, 8916218, 8916314, 8916410, 8916506, 8916602, 8916698, 8916794, 8916890, 8916986, 8917082, 8917178, 8917274, 8917370, 8917466, 8917562, 8917658, 8917754, 8917850, 8917946, 8918042, 8918138, 8918234, 8918330, 8918426, 8918522, 8918618, 8918714, 8918810, 8918906, 8919002, 8919098, 8919194, 8919290, 8919386, 8919482, 8919578, 8919674, 8919770, 8919866, 8919914, 8920010, 8920106, 8920202, 8920298, 8920394, 8920490, 8920586, 8920682, 8920778, 8920874, 8920970, 8921066, 8921162, 8921258, 8921354, 8921450, 8921546, 8921642, 8921738, 8921834, 8921930, 8922026, 8922122, 8922218, 8922314, 8922410, 8922506, 8922602, 8922698, 8922794, 8922890, 8922986, 8923082, 8923178, 8923274, 8923370, 8923466, 8923562, 8923658, 8923754, 8923850, 8923946, 8924042, 8924138, 8924234, 8924330, 8924426, 8924522, 8924618, 8924714, 8924810, 8924906, 8925002, 8925098, 8925194, 8925290, 8925338, 8925434, 8925530, 8925626, 8925722, 8925818, 8925914, 8926010, 8926106, 8926202, 8926298, 8926394, 8926490, 8926586, 8926682, 8926778, 8926874, 8926970, 8927066, 8927162, 8927258, 8927354, 8927450, 8927546, 8927642, 8927738, 8927834, 8927930, 8928026, 8928122, 8928218, 8928314, 8928410, 8928506, 8928602, 8928698, 8928794, 8928890, 8928986, 8929082, 8929178, 8929274, 8929370, 8929466, 8929562, 8929658, 8929754, 8929850, 8929946, 8930042, 8930138, 8930234, 8930330, 8930426, 8930522, 8930618, 8930714, 8930810, 8930858, 8930954, 8931050, 8931146, 8931242, 8931338, 8931434, 8931530, 8931626, 8931722, 8931818, 8931914, 8932010, 8932106, 8932202, 8932298, 8932394, 8932490, 8932586, 8932682, 8932778, 8932874, 8932970, 8933066, 8933162, 8933258, 8933354, 8933450, 8933546, 8933642, 8933738, 8933834, 8933930, 8934026, 8934122, 8934218, 8934314, 8934410, 8934506, 8934602, 8934698, 8934794, 8934890, 8934986, 8935082, 8935178, 8935274, 8935370, 8935466, 8935562, 8935658, 8935754, 8935850, 8935946, 8936042, 8936138, 8936234, 8936330, 8936378, 8936474, 8936570, 8936666, 8936762, 8936858, 8936954, 8937050]"
0,3,Qwen/Qwen3-30B-A3B-Instruct-2507,1134,330,1772591744,4805928070,3033336326,3527954,33350269,9118498,"[8908154, 8908298, 8908442, 8908586, 8908730, 8908922, 8908970, 8909066, 8909162, 8909258, 8909354, 8909450, 8909546, 8909642, 8909738, 8909834, 8909930, 8910026, 8910122, 8910218, 8910314, 8910410, 8910506, 8910602, 8910698, 8910794, 8910890, 8910986, 8911082, 8911178, 8911274, 8911370, 8911466, 8911562, 8911658, 8911754, 8911850, 8911946, 8912042, 8912138, 8912234, 8912330, 8912426, 8912522, 8912618, 8912714, 8912810, 8912906, 8913002, 8913098, 8913194, 8913290, 8913386, 8913482, 8913578, 8913674, 8913770, 8913866, 8913962, 8914058, 8914154, 8914250, 8914346, 8914394, 8914490, 8914586, 8914682, 8914778, 8914874, 8914970, 8915066, 8915162, 8915258, 8915354, 8915450, 8915546, 8915642, 8915738, 8915834, 8915930, 8916026, 8916122, 8916218, 8916314, 8916410, 8916506, 8916602, 8916698, 8916794, 8916890, 8916986, 8917082, 8917178, 8917274, 8917370, 8917466, 8917562, 8917658, 8917754, 8917850, 8917946, 8918042, 8918138, 8918234, 8918330, 8918426, 8918522, 8918618, 8918714, 8918810, 8918906, 8919002, 8919098, 8919194, 8919290, 8919386, 8919482, 8919578, 8919674, 8919770, 8919866, 8919914, 8920010, 8920106, 8920202, 8920298, 8920394, 8920490, 8920586, 8920682, 8920778, 8920874, 8920970, 8921066, 8921162, 8921258, 8921354, 8921450, 8921546, 8921642, 8921738, 8921834, 8921930, 8922026, 8922122, 8922218, 8922314, 8922410, 8922506, 8922602, 8922698, 8922794, 8922890, 8922986, 8923082, 8923178, 8923274, 8923370, 8923466, 8923562, 8923658, 8923754, 8923850, 8923946, 8924042, 8924138, 8924234, 8924330, 8924426, 8924522, 8924618, 8924714, 8924810, 8924906, 8925002, 8925098, 8925194, 8925290, 8925338, 8925434, 8925530, 8925626, 8925722, 8925818, 8925914, 8926010, 8926106, 8926202, 8926298, 8926394, 8926490, 8926586, 8926682, 8926778, 8926874, 8926970, 8927066, 8927162, 8927258, 8927354, 8927450, 8927546, 8927642, 8927738, 8927834, 8927930, 8928026, 8928122, 8928218, 8928314, 8928410, 8928506, 8928602, 8928698, 8928794, 8928890, 8928986, 8929082, 8929178, 8929274, 8929370, 8929466, 8929562, 8929658, 8929754, 8929850, 8929946, 8930042, 8930138, 8930234, 8930330, 8930426, 8930522, 8930618, 8930714, 8930810, 8930858, 8930954, 8931050, 8931146, 8931242, 8931338, 8931434, 8931530, 8931626, 8931722, 8931818, 8931914, 8932010, 8932106, 8932202, 8932298, 8932394, 8932490, 8932586, 8932682, 8932778, 8932874, 8932970, 8933066, 8933162, 8933258, 8933354, 8933450, 8933546, 8933642, 8933738, 8933834, 8933930, 8934026, 8934122, 8934218, 8934314, 8934410, 8934506, 8934602, 8934698, 8934794, 8934890, 8934986, 8935082, 8935178, 8935274, 8935370, 8935466, 8935562, 8935658, 8935754, 8935850, 8935946, 8936042, 8936138, 8936234, 8936330, 8936378, 8936474, 8936570, 8936666, 8936762, 8936858, 8936954, 8937050, 8188454, 8188550, 39815518, 8932346, 8932442, 8932490, 8932586, 8932682, 8932778, 8932874, 8932970, 8933066, 8933162, 8933258, 8933354, 8933450, 8933546, 8933642, 8933738, 30101241, 10870454, 10870598, 10870742, 10870838, 10870982, 10871126, 10871222]"
0,1,Qwen/Qwen3-30B-A3B-Instruct-2507,1307,137,4515529116,6408217060,1892687944,1457849,41273367,13613342,"[8932346, 8932442, 8932490, 8932586, 8932682, 8932778, 8932874, 8932970, 8933066, 8933162, 8933258, 8933354, 8933450, 8933546, 8933642, 8933738, 30101241, 10870454, 10870598, 10870742, 10870838, 10870982, 10871126, 10871222, 8920586, 8920682, 31347195, 10861766, 10861862, 10862006, 10862150, 10862294, 10862390, 10862534, 10862678, 10862774, 10862918, 10863062, 10863158, 10863302, 10863446, 10863542, 34106920, 13961569, 13961809, 13962001, 13962193, 13962433, 13962625, 13962865, 13963057, 13963297, 13963489, 13963681, 13963921, 13964113, 13964353, 13964545, 13964737, 13964977, 13965169, 13965409, 13965601, 13965841, 13966033, 13966225, 13966465, 13966657, 13966897, 13967089, 13967329, 13967521, 13967713, 13967953, 13968145, 13968385, 13968577, 13968769, 13969009, 13969201, 13969441, 13969633, 13969873, 13970065, 13970257, 13970497, 13970689, 13970929, 13971121, 13971361, 13971553, 13971745, 13971985, 13972177, 13972417, 13972609, 13972801, 13973041, 13973233, 13973473, 30190005, 15130277, 15130517, 15130805, 15131045, 15131333, 15131573, 15131861, 15132101, 15132341, 15132629, 15132869, 15133157, 15133397, 15133685, 15133925, 15134213, 15134453, 15134741, 15134981, 15135221, 15135509, 15135749, 15136037, 15136277, 15136565, 15136805, 15137093, 15137333, 15137621, 15137861, 15138101, 15138389, 15138629, 15138917, 15139157]"
0,4,Qwen/Qwen3-30B-A3B-Instruct-2507,1307,137,4820847225,6838093115,2017245890,2922113,34269308,14580710,"[10861766, 10861862, 10862006, 10862150, 10862294, 10862390, 10862534, 10862678, 10862774, 10862918, 10863062, 10863158, 10863302, 10863446, 10863542, 34106920, 13961569, 13961809, 13962001, 13962193, 13962433, 13962625, 13962865, 13963057, 13963297, 13963489, 13963681, 13963921, 13964113, 13964353, 13964545, 13964737, 13964977, 13965169, 13965409, 13965601, 13965841, 13966033, 13966225, 13966465, 13966657, 13966897, 13967089, 13967329, 13967521, 13967713, 13967953, 13968145, 13968385, 13968577, 13968769, 13969009, 13969201, 13969441, 13969633, 13969873, 13970065, 13970257, 13970497, 13970689, 13970929, 13971121, 13971361, 13971553, 13971745, 13971985, 13972177, 13972417, 13972609, 13972801, 13973041, 13973233, 13973473, 30190005, 15130277, 15130517, 15130805, 15131045, 15131333, 15131573, 15131861, 15132101, 15132341, 15132629, 15132869, 15133157, 15133397, 15133685, 15133925, 15134213, 15134453, 15134741, 15134981, 15135221, 15135509, 15135749, 15136037, 15136277, 15136565, 15136805, 15137093, 15137333, 15137621, 15137861, 15138101, 15138389, 15138629, 15138917, 15139157, 13970065, 13970305, 13970497, 13970689, 13970929, 41893097, 15146453, 15146693, 15146981, 15147221, 15147509, 15147749, 15148037, 15148277, 15148565, 15148805, 15149093, 15149333, 15149573, 15149861, 15150101, 15150389, 15150629, 15150917, 15151157, 15151445, 15151685]"
0,2,Qwen/Qwen3-30B-A3B-Instruct-2507,1511,176,6464886262,9188029211,2723142949,13183283,55076380,15246094,"[15146453, 15146693, 15146981, 15147221, 15147509, 15147749, 15148037, 15148277, 15148565, 15148805, 15149093, 15149333, 15149573, 15149861, 15150101, 15150389, 15150629, 15150917, 15151157, 15151445, 15151685, 13980721, 13980961, 13981153, 13981345, 13981585, 34443575, 15153653, 15153893, 15154181, 15154421, 15154709, 15154949, 15155189, 15155477, 15155717, 15156005, 15156245, 15156533, 15156773, 15157061, 15157301, 15157589, 15157829, 15158069, 15158357, 15158597, 15158885, 15159125, 15159413, 15159653, 15159941, 15160181, 15160469, 15160709, 15160949, 15161237, 15161477, 15161765, 15162005, 15162293, 15162533, 15162821, 15163061, 15163349, 15163589, 15163829, 15164117, 15164357, 15164645, 15164885, 15165173, 15165413, 15165701, 15165941, 15166229, 15166469, 15166709, 15166997, 15167237, 15167525, 15167765, 15168053, 15168293, 15168581, 15168821, 15169109, 15169349, 15169589, 15169877, 15170117, 15170405, 15170645, 15170933, 15171173, 15171461, 15171701, 15171989, 15172229, 15172469, 15172757, 15172997, 15173285, 15173525, 15173813, 15174053, 15174341, 15174581, 15174869, 15175109, 15175349, 15175637, 15175877, 15176165, 15176405, 15176693, 15176933, 15177221, 15177461, 15177749, 15177989, 15178229, 15178517, 15178757, 15179045, 15179285, 15179573, 15179813, 15180101, 15180341, 15180629, 15180869, 15181109, 15181397, 15181637, 15181925, 15182165, 15182453, 15182693, 15182981, 15183221, 15183509, 15183749, 15183989, 15184277, 15184517, 15184805, 15185045, 15185333, 15185573, 15185861, 15186101, 15186389, 15186629, 15186869, 15187157, 15187397, 15187685, 15187925, 15188213, 15188453, 15188741, 15188981, 15189269, 15189509, 15189749, 15190037, 15190277, 15190565, 15190805, 15191093, 15191333, 15191621, 15191861, 15192101]"
0,5,Qwen/Qwen3-30B-A3B-Instruct-2507,1511,176,6894762317,9645179517,2750417200,13236563,47680138,15444211,"[15153653, 15153893, 15154181, 15154421, 15154709, 15154949, 15155189, 15155477, 15155717, 15156005, 15156245, 15156533, 15156773, 15157061, 15157301, 15157589, 15157829, 15158069, 15158357, 15158597, 15158885, 15159125, 15159413, 15159653, 15159941, 15160181, 15160469, 15160709, 15160949, 15161237, 15161477, 15161765, 15162005, 15162293, 15162533, 15162821, 15163061, 15163349, 15163589, 15163829, 15164117, 15164357, 15164645, 15164885, 15165173, 15165413, 15165701, 15165941, 15166229, 15166469, 15166709, 15166997, 15167237, 15167525, 15167765, 15168053, 15168293, 15168581, 15168821, 15169109, 15169349, 15169589, 15169877, 15170117, 15170405, 15170645, 15170933, 15171173, 15171461, 15171701, 15171989, 15172229, 15172469, 15172757, 15172997, 15173285, 15173525, 15173813, 15174053, 15174341, 15174581, 15174869, 15175109, 15175349, 15175637, 15175877, 15176165, 15176405, 15176693, 15176933, 15177221, 15177461, 15177749, 15177989, 15178229, 15178517, 15178757, 15179045, 15179285, 15179573, 15179813, 15180101, 15180341, 15180629, 15180869, 15181109, 15181397, 15181637, 15181925, 15182165, 15182453, 15182693, 15182981, 15183221, 15183509, 15183749, 15183989, 15184277, 15184517, 15184805, 15185045, 15185333, 15185573, 15185861, 15186101, 15186389, 15186629, 15186869, 15187157, 15187397, 15187685, 15187925, 15188213, 15188453, 15188741, 15188981, 15189269, 15189509, 15189749, 15190037, 15190277, 15190565, 15190805, 15191093, 15191333, 15191621, 15191861, 15192101, 14011825, 30364773, 15169301, 15169589, 15169829, 15170069, 15170357, 15170597, 15170885, 15171125, 30393460, 16311343, 16311631, 16311967, 16312255, 16312591, 16312879, 16313167, 16313503, 16313791, 16314127, 16314415, 16314751, 16315039, 16315375, 16315663, 16315999]"
0,6,Qwen/Qwen3-30B-A3B-Instruct-2507,1134,330,4698594337,9675482839,4976888502,1136530,31237771,15032373,"[10870454, 10870598, 10870742, 10870838, 10870982, 10871126, 10871222, 8920586, 8920682, 31347195, 10861766, 10861862, 10862006, 10862150, 10862294, 10862390, 10862534, 10862678, 10862774, 10862918, 10863062, 10863158, 10863302, 10863446, 10863542, 34106920, 13961569, 13961809, 13962001, 13962193, 13962433, 13962625, 13962865, 13963057, 13963297, 13963489, 13963681, 13963921, 13964113, 13964353, 13964545, 13964737, 13964977, 13965169, 13965409, 13965601, 13965841, 13966033, 13966225, 13966465, 13966657, 13966897, 13967089, 13967329, 13967521, 13967713, 13967953, 13968145, 13968385, 13968577, 13968769, 13969009, 13969201, 13969441, 13969633, 13969873, 13970065, 13970257, 13970497, 13970689, 13970929, 13971121, 13971361, 13971553, 13971745, 13971985, 13972177, 13972417, 13972609, 13972801, 13973041, 13973233, 13973473, 30190005, 15130277, 15130517, 15130805, 15131045, 15131333, 15131573, 15131861, 15132101, 15132341, 15132629, 15132869, 15133157, 15133397, 15133685, 15133925, 15134213, 15134453, 15134741, 15134981, 15135221, 15135509, 15135749, 15136037, 15136277, 15136565, 15136805, 15137093, 15137333, 15137621, 15137861, 15138101, 15138389, 15138629, 15138917, 15139157, 13970065, 13970305, 13970497, 13970689, 13970929, 41893097, 15146453, 15146693, 15146981, 15147221, 15147509, 15147749, 15148037, 15148277, 15148565, 15148805, 15149093, 15149333, 15149573, 15149861, 15150101, 15150389, 15150629, 15150917, 15151157, 15151445, 15151685, 13980721, 13980961, 13981153, 13981345, 13981585, 34443575, 15153653, 15153893, 15154181, 15154421, 15154709, 15154949, 15155189, 15155477, 15155717, 15156005, 15156245, 15156533, 15156773, 15157061, 15157301, 15157589, 15157829, 15158069, 15158357, 15158597, 15158885, 15159125, 15159413, 15159653, 15159941, 15160181, 15160469, 15160709, 15160949, 15161237, 15161477, 15161765, 15162005, 15162293, 15162533, 15162821, 15163061, 15163349, 15163589, 15163829, 15164117, 15164357, 15164645, 15164885, 15165173, 15165413, 15165701, 15165941, 15166229, 15166469, 15166709, 15166997, 15167237, 15167525, 15167765, 15168053, 15168293, 15168581, 15168821, 15169109, 15169349, 15169589, 15169877, 15170117, 15170405, 15170645, 15170933, 15171173, 15171461, 15171701, 15171989, 15172229, 15172469, 15172757, 15172997, 15173285, 15173525, 15173813, 15174053, 15174341, 15174581, 15174869, 15175109, 15175349, 15175637, 15175877, 15176165, 15176405, 15176693, 15176933, 15177221, 15177461, 15177749, 15177989, 15178229, 15178517, 15178757, 15179045, 15179285, 15179573, 15179813, 15180101, 15180341, 15180629, 15180869, 15181109, 15181397, 15181637, 15181925, 15182165, 15182453, 15182693, 15182981, 15183221, 15183509, 15183749, 15183989, 15184277, 15184517, 15184805, 15185045, 15185333, 15185573, 15185861, 15186101, 15186389, 15186629, 15186869, 15187157, 15187397, 15187685, 15187925, 15188213, 15188453, 15188741, 15188981, 15189269, 15189509, 15189749, 15190037, 15190277, 15190565, 15190805, 15191093, 15191333, 15191621, 15191861, 15192101, 14011825, 30364773, 15169301, 15169589, 15169829, 15170069, 15170357, 15170597, 15170885, 15171125, 30393460, 16311343, 16311631, 16311967, 16312255, 16312591, 16312879, 16313167, 16313503, 16313791, 16314127, 16314415, 16314751, 16315039, 16315375, 16315663, 16315999, 15151541, 15151781]"
0,9,Qwen/Qwen3-30B-A3B-Instruct-2507,1134,330,5009821488,10083470543,5073649055,8234927,42341847,15292727,"[13961569, 13961809, 13962001, 13962193, 13962433, 13962625, 13962865, 13963057, 13963297, 13963489, 13963681, 13963921, 13964113, 13964353, 13964545, 13964737, 13964977, 13965169, 13965409, 13965601, 13965841, 13966033, 13966225, 13966465, 13966657, 13966897, 13967089, 13967329, 13967521, 13967713, 13967953, 13968145, 13968385, 13968577, 13968769, 13969009, 13969201, 13969441, 13969633, 13969873, 13970065, 13970257, 13970497, 13970689, 13970929, 13971121, 13971361, 13971553, 13971745, 13971985, 13972177, 13972417, 13972609, 13972801, 13973041, 13973233, 13973473, 30190005, 15130277, 15130517, 15130805, 15131045, 15131333, 15131573, 15131861, 15132101, 15132341, 15132629, 15132869, 15133157, 15133397, 15133685, 15133925, 15134213, 15134453, 15134741, 15134981, 15135221, 15135509, 15135749, 15136037, 15136277, 15136565, 15136805, 15137093, 15137333, 15137621, 15137861, 15138101, 15138389, 15138629, 15138917, 15139157, 13970065, 13970305, 13970497, 13970689, 13970929, 41893097, 15146453, 15146693, 15146981, 15147221, 15147509, 15147749, 15148037, 15148277, 15148565, 15148805, 15149093, 15149333, 15149573, 15149861, 15150101, 15150389, 15150629, 15150917, 15151157, 15151445, 15151685, 13980721, 13980961, 13981153, 13981345, 13981585, 34443575, 15153653, 15153893, 15154181, 15154421, 15154709, 15154949, 15155189, 15155477, 15155717, 15156005, 15156245, 15156533, 15156773, 15157061, 15157301, 15157589, 15157829, 15158069, 15158357, 15158597, 15158885, 15159125, 15159413, 15159653, 15159941, 15160181, 15160469, 15160709, 15160949, 15161237, 15161477, 15161765, 15162005, 15162293, 15162533, 15162821, 15163061, 15163349, 15163589, 15163829, 15164117, 15164357, 15164645, 15164885, 15165173, 15165413, 15165701, 15165941, 15166229, 15166469, 15166709, 15166997, 15167237, 15167525, 15167765, 15168053, 15168293, 15168581, 15168821, 15169109, 15169349, 15169589, 15169877, 15170117, 15170405, 15170645, 15170933, 15171173, 15171461, 15171701, 15171989, 15172229, 15172469, 15172757, 15172997, 15173285, 15173525, 15173813, 15174053, 15174341, 15174581, 15174869, 15175109, 15175349, 15175637, 15175877, 15176165, 15176405, 15176693, 15176933, 15177221, 15177461, 15177749, 15177989, 15178229, 15178517, 15178757, 15179045, 15179285, 15179573, 15179813, 15180101, 15180341, 15180629, 15180869, 15181109, 15181397, 15181637, 15181925, 15182165, 15182453, 15182693, 15182981, 15183221, 15183509, 15183749, 15183989, 15184277, 15184517, 15184805, 15185045, 15185333, 15185573, 15185861, 15186101, 15186389, 15186629, 15186869, 15187157, 15187397, 15187685, 15187925, 15188213, 15188453, 15188741, 15188981, 15189269, 15189509, 15189749, 15190037, 15190277, 15190565, 15190805, 15191093, 15191333, 15191621, 15191861, 15192101, 14011825, 30364773, 15169301, 15169589, 15169829, 15170069, 15170357, 15170597, 15170885, 15171125, 30393460, 16311343, 16311631, 16311967, 16312255, 16312591, 16312879, 16313167, 16313503, 16313791, 16314127, 16314415, 16314751, 16315039, 16315375, 16315663, 16315999, 15151541, 15151781, 13980001, 13980241, 31608211, 15145781, 15146069, 15146309, 15146549, 15146837, 15147077, 15147365, 15147605, 15147893, 15148133, 15148421, 15148661, 15148901, 15149189, 15149429, 15149717, 15149957, 15150245, 15150485, 15150773, 15151013, 15151301, 15151541]"
0,12,Qwen/Qwen3-30B-A3B-Instruct-2507,1134,330,5013639385,10083470543,5069831158,4417030,38523950,15292727,"[13961569, 13961809, 13962001, 13962193, 13962433, 13962625, 13962865, 13963057, 13963297, 13963489, 13963681, 13963921, 13964113, 13964353, 13964545, 13964737, 13964977, 13965169, 13965409, 13965601, 13965841, 13966033, 13966225, 13966465, 13966657, 13966897, 13967089, 13967329, 13967521, 13967713, 13967953, 13968145, 13968385, 13968577, 13968769, 13969009, 13969201, 13969441, 13969633, 13969873, 13970065, 13970257, 13970497, 13970689, 13970929, 13971121, 13971361, 13971553, 13971745, 13971985, 13972177, 13972417, 13972609, 13972801, 13973041, 13973233, 13973473, 30190005, 15130277, 15130517, 15130805, 15131045, 15131333, 15131573, 15131861, 15132101, 15132341, 15132629, 15132869, 15133157, 15133397, 15133685, 15133925, 15134213, 15134453, 15134741, 15134981, 15135221, 15135509, 15135749, 15136037, 15136277, 15136565, 15136805, 15137093, 15137333, 15137621, 15137861, 15138101, 15138389, 15138629, 15138917, 15139157, 13970065, 13970305, 13970497, 13970689, 13970929, 41893097, 15146453, 15146693, 15146981, 15147221, 15147509, 15147749, 15148037, 15148277, 15148565, 15148805, 15149093, 15149333, 15149573, 15149861, 15150101, 15150389, 15150629, 15150917, 15151157, 15151445, 15151685, 13980721, 13980961, 13981153, 13981345, 13981585, 34443575, 15153653, 15153893, 15154181, 15154421, 15154709, 15154949, 15155189, 15155477, 15155717, 15156005, 15156245, 15156533, 15156773, 15157061, 15157301, 15157589, 15157829, 15158069, 15158357, 15158597, 15158885, 15159125, 15159413, 15159653, 15159941, 15160181, 15160469, 15160709, 15160949, 15161237, 15161477, 15161765, 15162005, 15162293, 15162533, 15162821, 15163061, 15163349, 15163589, 15163829, 15164117, 15164357, 15164645, 15164885, 15165173, 15165413, 15165701, 15165941, 15166229, 15166469, 15166709, 15166997, 15167237, 15167525, 15167765, 15168053, 15168293, 15168581, 15168821, 15169109, 15169349, 15169589, 15169877, 15170117, 15170405, 15170645, 15170933, 15171173, 15171461, 15171701, 15171989, 15172229, 15172469, 15172757, 15172997, 15173285, 15173525, 15173813, 15174053, 15174341, 15174581, 15174869, 15175109, 15175349, 15175637, 15175877, 15176165, 15176405, 15176693, 15176933, 15177221, 15177461, 15177749, 15177989, 15178229, 15178517, 15178757, 15179045, 15179285, 15179573, 15179813, 15180101, 15180341, 15180629, 15180869, 15181109, 15181397, 15181637, 15181925, 15182165, 15182453, 15182693, 15182981, 15183221, 15183509, 15183749, 15183989, 15184277, 15184517, 15184805, 15185045, 15185333, 15185573, 15185861, 15186101, 15186389, 15186629, 15186869, 15187157, 15187397, 15187685, 15187925, 15188213, 15188453, 15188741, 15188981, 15189269, 15189509, 15189749, 15190037, 15190277, 15190565, 15190805, 15191093, 15191333, 15191621, 15191861, 15192101, 14011825, 30364773, 15169301, 15169589, 15169829, 15170069, 15170357, 15170597, 15170885, 15171125, 30393460, 16311343, 16311631, 16311967, 16312255, 16312591, 16312879, 16313167, 16313503, 16313791, 16314127, 16314415, 16314751, 16315039, 16315375, 16315663, 16315999, 15151541, 15151781, 13980001, 13980241, 31608211, 15145781, 15146069, 15146309, 15146549, 15146837, 15147077, 15147365, 15147605, 15147893, 15148133, 15148421, 15148661, 15148901, 15149189, 15149429, 15149717, 15149957, 15150245, 15150485, 15150773, 15151013, 15151301, 15151541]"
0,15,Qwen/Qwen3-30B-A3B-Instruct-2507,1134,330,5846046758,11013706876,5167660118,2265130,32455135,15608525,"[15130277, 15130517, 15130805, 15131045, 15131333, 15131573, 15131861, 15132101, 15132341, 15132629, 15132869, 15133157, 15133397, 15133685, 15133925, 15134213, 15134453, 15134741, 15134981, 15135221, 15135509, 15135749, 15136037, 15136277, 15136565, 15136805, 15137093, 15137333, 15137621, 15137861, 15138101, 15138389, 15138629, 15138917, 15139157, 13970065, 13970305, 13970497, 13970689, 13970929, 41893097, 15146453, 15146693, 15146981, 15147221, 15147509, 15147749, 15148037, 15148277, 15148565, 15148805, 15149093, 15149333, 15149573, 15149861, 15150101, 15150389, 15150629, 15150917, 15151157, 15151445, 15151685, 13980721, 13980961, 13981153, 13981345, 13981585, 34443575, 15153653, 15153893, 15154181, 15154421, 15154709, 15154949, 15155189, 15155477, 15155717, 15156005, 15156245, 15156533, 15156773, 15157061, 15157301, 15157589, 15157829, 15158069, 15158357, 15158597, 15158885, 15159125, 15159413, 15159653, 15159941, 15160181, 15160469, 15160709, 15160949, 15161237, 15161477, 15161765, 15162005, 15162293, 15162533, 15162821, 15163061, 15163349, 15163589, 15163829, 15164117, 15164357, 15164645, 15164885, 15165173, 15165413, 15165701, 15165941, 15166229, 15166469, 15166709, 15166997, 15167237, 15167525, 15167765, 15168053, 15168293, 15168581, 15168821, 15169109, 15169349, 15169589, 15169877, 15170117, 15170405, 15170645, 15170933, 15171173, 15171461, 15171701, 15171989, 15172229, 15172469, 15172757, 15172997, 15173285, 15173525, 15173813, 15174053, 15174341, 15174581, 15174869, 15175109, 15175349, 15175637, 15175877, 15176165, 15176405, 15176693, 15176933, 15177221, 15177461, 15177749, 15177989, 15178229, 15178517, 15178757, 15179045, 15179285, 15179573, 15179813, 15180101, 15180341, 15180629, 15180869, 15181109, 15181397, 15181637, 15181925, 15182165, 15182453, 15182693, 15182981, 15183221, 15183509, 15183749, 15183989, 15184277, 15184517, 15184805, 15185045, 15185333, 15185573, 15185861, 15186101, 15186389, 15186629, 15186869, 15187157, 15187397, 15187685, 15187925, 15188213, 15188453, 15188741, 15188981, 15189269, 15189509, 15189749, 15190037, 15190277, 15190565, 15190805, 15191093, 15191333, 15191621, 15191861, 15192101, 14011825, 30364773, 15169301, 15169589, 15169829, 15170069, 15170357, 15170597, 15170885, 15171125, 30393460, 16311343, 16311631, 16311967, 16312255, 16312591, 16312879, 16313167, 16313503, 16313791, 16314127, 16314415, 16314751, 16315039, 16315375, 16315663, 16315999, 15151541, 15151781, 13980001, 13980241, 31608211, 15145781, 15146069, 15146309, 15146549, 15146837, 15147077, 15147365, 15147605, 15147893, 15148133, 15148421, 15148661, 15148901, 15149189, 15149429, 15149717, 15149957, 15150245, 15150485, 15150773, 15151013, 15151301, 15151541, 12829526, 12829718, 36587816, 15138677, 15138917, 15139205, 15139445, 15139733, 15139973, 15140261, 15140501, 15140741, 15141029, 15141269, 15141557, 15141797, 15142085, 15142325, 15142613, 15142853, 15143141, 15143381, 15143621, 15143909, 15144149, 15144437, 15144677, 15144965, 15145205, 15145493, 15145733, 15146021, 15146261, 15146501, 15146789, 15147029, 15147317, 15147557, 15147845, 15148085, 15148373, 15148613, 15148853, 15149141, 35306169, 16289119, 16289455, 16289743, 16290079, 16290367, 16290703, 16290991, 16291327, 16291615, 16291951, 16292239, 16292575, 16292863]"
0,7,Qwen/Qwen3-30B-A3B-Instruct-2507,1307,137,9690401994,11924082319,2233680325,13041087,44649298,16095816,"[15145781, 15146069, 15146309, 15146549, 15146837, 15147077, 15147365, 15147605, 15147893, 15148133, 15148421, 15148661, 15148901, 15149189, 15149429, 15149717, 15149957, 15150245, 15150485, 15150773, 15151013, 15151301, 15151541, 12829526, 12829718, 36587816, 15138677, 15138917, 15139205, 15139445, 15139733, 15139973, 15140261, 15140501, 15140741, 15141029, 15141269, 15141557, 15141797, 15142085, 15142325, 15142613, 15142853, 15143141, 15143381, 15143621, 15143909, 15144149, 15144437, 15144677, 15144965, 15145205, 15145493, 15145733, 15146021, 15146261, 15146501, 15146789, 15147029, 15147317, 15147557, 15147845, 15148085, 15148373, 15148613, 15148853, 15149141, 35306169, 16289119, 16289455, 16289743, 16290079, 16290367, 16290703, 16290991, 16291327, 16291615, 16291951, 16292239, 16292575, 16292863, 15139829, 31638275, 16286191, 16286527, 16286815, 16287151, 16287439, 16287775, 16288063, 16288351, 16288687, 16288975, 16289311, 16289599, 16289935, 16290223, 16290559, 16290847, 16291183, 16291471, 16291807, 16292095, 16292431, 16292719, 16293055, 16293343, 16293679, 16293967, 16294303, 16294591, 16294927, 16295215, 16295551, 16295839, 16296175, 16296463, 16296799, 16297087, 16297423, 16297711, 16298047, 16298335, 16298671, 16298959, 16299295, 16299583, 16299871, 16300207, 16300495, 16300831, 16301119, 16301455, 16301743, 16302079, 16302367]"
0,10,Qwen/Qwen3-30B-A3B-Instruct-2507,1307,137,10098389698,12361716580,2263326882,10740089,47327905,16294110,"[15138677, 15138917, 15139205, 15139445, 15139733, 15139973, 15140261, 15140501, 15140741, 15141029, 15141269, 15141557, 15141797, 15142085, 15142325, 15142613, 15142853, 15143141, 15143381, 15143621, 15143909, 15144149, 15144437, 15144677, 15144965, 15145205, 15145493, 15145733, 15146021, 15146261, 15146501, 15146789, 15147029, 15147317, 15147557, 15147845, 15148085, 15148373, 15148613, 15148853, 15149141, 35306169, 16289119, 16289455, 16289743, 16290079, 16290367, 16290703, 16290991, 16291327, 16291615, 16291951, 16292239, 16292575, 16292863, 15139829, 31638275, 16286191, 16286527, 16286815, 16287151, 16287439, 16287775, 16288063, 16288351, 16288687, 16288975, 16289311, 16289599, 16289935, 16290223, 16290559, 16290847, 16291183, 16291471, 16291807, 16292095, 16292431, 16292719, 16293055, 16293343, 16293679, 16293967, 16294303, 16294591, 16294927, 16295215, 16295551, 16295839, 16296175, 16296463, 16296799, 16297087, 16297423, 16297711, 16298047, 16298335, 16298671, 16298959, 16299295, 16299583, 16299871, 16300207, 16300495, 16300831, 16301119, 16301455, 16301743, 16302079, 16302367, 15150485, 15150725, 15151013, 15151253, 34507126, 16307551, 16307839, 16308175, 16308463, 16308799, 16309087, 16309423, 16309711, 16310047, 16310335, 16310671, 16310959, 16311295, 16311583, 16311871, 16312207, 16312495, 16312831, 16313119, 16313455, 16313743]"
0,13,Qwen/Qwen3-30B-A3B-Instruct-2507,1307,137,10098389698,12361716580,2263326882,10740089,47327905,16294110,"[15138677, 15138917, 15139205, 15139445, 15139733, 15139973, 15140261, 15140501, 15140741, 15141029, 15141269, 15141557, 15141797, 15142085, 15142325, 15142613, 15142853, 15143141, 15143381, 15143621, 15143909, 15144149, 15144437, 15144677, 15144965, 15145205, 15145493, 15145733, 15146021, 15146261, 15146501, 15146789, 15147029, 15147317, 15147557, 15147845, 15148085, 15148373, 15148613, 15148853, 15149141, 35306169, 16289119, 16289455, 16289743, 16290079, 16290367, 16290703, 16290991, 16291327, 16291615, 16291951, 16292239, 16292575, 16292863, 15139829, 31638275, 16286191, 16286527, 16286815, 16287151, 16287439, 16287775, 16288063, 16288351, 16288687, 16288975, 16289311, 16289599, 16289935, 16290223, 16290559, 16290847, 16291183, 16291471, 16291807, 16292095, 16292431, 16292719, 16293055, 16293343, 16293679, 16293967, 16294303, 16294591, 16294927, 16295215, 16295551, 16295839, 16296175, 16296463, 16296799, 16297087, 16297423, 16297711, 16298047, 16298335, 16298671, 16298959, 16299295, 16299583, 16299871, 16300207, 16300495, 16300831, 16301119, 16301455, 16301743, 16302079, 16302367, 15150485, 15150725, 15151013, 15151253, 34507126, 16307551, 16307839, 16308175, 16308463, 16308799, 16309087, 16309423, 16309711, 16310047, 16310335, 16310671, 16310959, 16311295, 16311583, 16311871, 16312207, 16312495, 16312831, 16313119, 16313455, 16313743]"
0,16,Qwen/Qwen3-30B-A3B-Instruct-2507,1307,137,11028626031,13371262142,2342636111,220674,31858949,16991008,"[16286191, 16286527, 16286815, 16287151, 16287439, 16287775, 16288063, 16288351, 16288687, 16288975, 16289311, 16289599, 16289935, 16290223, 16290559, 16290847, 16291183, 16291471, 16291807, 16292095, 16292431, 16292719, 16293055, 16293343, 16293679, 16293967, 16294303, 16294591, 16294927, 16295215, 16295551, 16295839, 16296175, 16296463, 16296799, 16297087, 16297423, 16297711, 16298047, 16298335, 16298671, 16298959, 16299295, 16299583, 16299871, 16300207, 16300495, 16300831, 16301119, 16301455, 16301743, 16302079, 16302367, 15150485, 15150725, 15151013, 15151253, 34507126, 16307551, 16307839, 16308175, 16308463, 16308799, 16309087, 16309423, 16309711, 16310047, 16310335, 16310671, 16310959, 16311295, 16311583, 16311871, 16312207, 16312495, 16312831, 16313119, 16313455, 16313743, 13990273, 13990513, 13990705, 13990897, 13991137, 42546121, 16321423, 16321711, 16322047, 16322335, 16322671, 16322959, 16323247, 16323583, 16323871, 16324207, 16324495, 16324831, 16325119, 16325455, 16325743, 16326079, 16326367, 16326703, 16326991, 16327327, 16327615, 16327951, 16328239, 16328575, 16328863, 16329199, 16329487, 16329823, 16330111, 16330447, 16330735, 16331071, 16331359, 16331695, 30294008, 30323617, 18752363, 18752747, 18753131, 18753515, 18753899, 18754283, 18754667, 18755051, 18755435, 18755819, 18756203, 18756635, 18757019, 18757403, 18757787]"
0,18,Qwen/Qwen3-30B-A3B-Instruct-2507,1134,330,9194473437,14884131782,5689658345,7567599,37932372,17178498,"[15169301, 15169589, 15169829, 15170069, 15170357, 15170597, 15170885, 15171125, 30393460, 16311343, 16311631, 16311967, 16312255, 16312591, 16312879, 16313167, 16313503, 16313791, 16314127, 16314415, 16314751, 16315039, 16315375, 16315663, 16315999, 15151541, 15151781, 13980001, 13980241, 31608211, 15145781, 15146069, 15146309, 15146549, 15146837, 15147077, 15147365, 15147605, 15147893, 15148133, 15148421, 15148661, 15148901, 15149189, 15149429, 15149717, 15149957, 15150245, 15150485, 15150773, 15151013, 15151301, 15151541, 12829526, 12829718, 36587816, 15138677, 15138917, 15139205, 15139445, 15139733, 15139973, 15140261, 15140501, 15140741, 15141029, 15141269, 15141557, 15141797, 15142085, 15142325, 15142613, 15142853, 15143141, 15143381, 15143621, 15143909, 15144149, 15144437, 15144677, 15144965, 15145205, 15145493, 15145733, 15146021, 15146261, 15146501, 15146789, 15147029, 15147317, 15147557, 15147845, 15148085, 15148373, 15148613, 15148853, 15149141, 35306169, 16289119, 16289455, 16289743, 16290079, 16290367, 16290703, 16290991, 16291327, 16291615, 16291951, 16292239, 16292575, 16292863, 15139829, 31638275, 16286191, 16286527, 16286815, 16287151, 16287439, 16287775, 16288063, 16288351, 16288687, 16288975, 16289311, 16289599, 16289935, 16290223, 16290559, 16290847, 16291183, 16291471, 16291807, 16292095, 16292431, 16292719, 16293055, 16293343, 16293679, 16293967, 16294303, 16294591, 16294927, 16295215, 16295551, 16295839, 16296175, 16296463, 16296799, 16297087, 16297423, 16297711, 16298047, 16298335, 16298671, 16298959, 16299295, 16299583, 16299871, 16300207, 16300495, 16300831, 16301119, 16301455, 16301743, 16302079, 16302367, 15150485, 15150725, 15151013, 15151253, 34507126, 16307551, 16307839, 16308175, 16308463, 16308799, 16309087, 16309423, 16309711, 16310047, 16310335, 16310671, 16310959, 16311295, 16311583, 16311871, 16312207, 16312495, 16312831, 16313119, 16313455, 16313743, 13990273, 13990513, 13990705, 13990897, 13991137, 42546121, 16321423, 16321711, 16322047, 16322335, 16322671, 16322959, 16323247, 16323583, 16323871, 16324207, 16324495, 16324831, 16325119, 16325455, 16325743, 16326079, 16326367, 16326703, 16326991, 16327327, 16327615, 16327951, 16328239, 16328575, 16328863, 16329199, 16329487, 16329823, 16330111, 16330447, 16330735, 16331071, 16331359, 16331695, 30294008, 30323617, 18752363, 18752747, 18753131, 18753515, 18753899, 18754283, 18754667, 18755051, 18755435, 18755819, 18756203, 18756635, 18757019, 18757403, 18757787, 17482033, 17482369, 17482753, 17483137, 34656395, 18762779, 18763163, 18763595, 18763979, 18764363, 18764747, 18765131, 18765515, 18765899, 18766283, 18766667, 18767051, 18767435, 18767819, 18768203, 18768587, 18768971, 18769355, 18769739, 18770123, 18770555, 18770939, 18771323, 18771707, 18772091, 18772475, 18772859, 18773243, 18773627, 18774011, 18774395, 18774779, 18775163, 18775547, 18775931, 18776315, 18776699, 18777083, 18777515, 18777899, 18778283, 18778667, 18779051, 18779435, 18779819, 18780203, 18780587, 18780971, 18781355, 18781739, 18782123, 18782507, 18782891, 18783275, 18783659, 18784043, 18784475, 18784859, 18785243, 18785627, 18786011, 18786395, 18786779, 18787163, 18787547, 18787931, 18788315, 18788699, 18789083, 18789467, 18789851, 18790235, 18790619, 18791051, 18791435]"
0,21,Qwen/Qwen3-30B-A3B-Instruct-2507,1134,330,9343825169,15065083903,5721258734,9942392,40335852,17267242,"[16311343, 16311631, 16311967, 16312255, 16312591, 16312879, 16313167, 16313503, 16313791, 16314127, 16314415, 16314751, 16315039, 16315375, 16315663, 16315999, 15151541, 15151781, 13980001, 13980241, 31608211, 15145781, 15146069, 15146309, 15146549, 15146837, 15147077, 15147365, 15147605, 15147893, 15148133, 15148421, 15148661, 15148901, 15149189, 15149429, 15149717, 15149957, 15150245, 15150485, 15150773, 15151013, 15151301, 15151541, 12829526, 12829718, 36587816, 15138677, 15138917, 15139205, 15139445, 15139733, 15139973, 15140261, 15140501, 15140741, 15141029, 15141269, 15141557, 15141797, 15142085, 15142325, 15142613, 15142853, 15143141, 15143381, 15143621, 15143909, 15144149, 15144437, 15144677, 15144965, 15145205, 15145493, 15145733, 15146021, 15146261, 15146501, 15146789, 15147029, 15147317, 15147557, 15147845, 15148085, 15148373, 15148613, 15148853, 15149141, 35306169, 16289119, 16289455, 16289743, 16290079, 16290367, 16290703, 16290991, 16291327, 16291615, 16291951, 16292239, 16292575, 16292863, 15139829, 31638275, 16286191, 16286527, 16286815, 16287151, 16287439, 16287775, 16288063, 16288351, 16288687, 16288975, 16289311, 16289599, 16289935, 16290223, 16290559, 16290847, 16291183, 16291471, 16291807, 16292095, 16292431, 16292719, 16293055, 16293343, 16293679, 16293967, 16294303, 16294591, 16294927, 16295215, 16295551, 16295839, 16296175, 16296463, 16296799, 16297087, 16297423, 16297711, 16298047, 16298335, 16298671, 16298959, 16299295, 16299583, 16299871, 16300207, 16300495, 16300831, 16301119, 16301455, 16301743, 16302079, 16302367, 15150485, 15150725, 15151013, 15151253, 34507126, 16307551, 16307839, 16308175, 16308463, 16308799, 16309087, 16309423, 16309711, 16310047, 16310335, 16310671, 16310959, 16311295, 16311583, 16311871, 16312207, 16312495, 16312831, 16313119, 16313455, 16313743, 13990273, 13990513, 13990705, 13990897, 13991137, 42546121, 16321423, 16321711, 16322047, 16322335, 16322671, 16322959, 16323247, 16323583, 16323871, 16324207, 16324495, 16324831, 16325119, 16325455, 16325743, 16326079, 16326367, 16326703, 16326991, 16327327, 16327615, 16327951, 16328239, 16328575, 16328863, 16329199, 16329487, 16329823, 16330111, 16330447, 16330735, 16331071, 16331359, 16331695, 30294008, 30323617, 18752363, 18752747, 18753131, 18753515, 18753899, 18754283, 18754667, 18755051, 18755435, 18755819, 18756203, 18756635, 18757019, 18757403, 18757787, 17482033, 17482369, 17482753, 17483137, 34656395, 18762779, 18763163, 18763595, 18763979, 18764363, 18764747, 18765131, 18765515, 18765899, 18766283, 18766667, 18767051, 18767435, 18767819, 18768203, 18768587, 18768971, 18769355, 18769739, 18770123, 18770555, 18770939, 18771323, 18771707, 18772091, 18772475, 18772859, 18773243, 18773627, 18774011, 18774395, 18774779, 18775163, 18775547, 18775931, 18776315, 18776699, 18777083, 18777515, 18777899, 18778283, 18778667, 18779051, 18779435, 18779819, 18780203, 18780587, 18780971, 18781355, 18781739, 18782123, 18782507, 18782891, 18783275, 18783659, 18784043, 18784475, 18784859, 18785243, 18785627, 18786011, 18786395, 18786779, 18787163, 18787547, 18787931, 18788315, 18788699, 18789083, 18789467, 18789851, 18790235, 18790619, 18791051, 18791435, 17516161, 31925147, 18786107, 18786491, 18786875, 18787259, 18787643, 18788027, 18788411]"
0,8,Qwen/Qwen3-30B-A3B-Instruct-2507,1511,176,11980751521,15227216893,3246465372,3934274,38441400,18331565,"[16307551, 16307839, 16308175, 16308463, 16308799, 16309087, 16309423, 16309711, 16310047, 16310335, 16310671, 16310959, 16311295, 16311583, 16311871, 16312207, 16312495, 16312831, 16313119, 16313455, 16313743, 13990273, 13990513, 13990705, 13990897, 13991137, 42546121, 16321423, 16321711, 16322047, 16322335, 16322671, 16322959, 16323247, 16323583, 16323871, 16324207, 16324495, 16324831, 16325119, 16325455, 16325743, 16326079, 16326367, 16326703, 16326991, 16327327, 16327615, 16327951, 16328239, 16328575, 16328863, 16329199, 16329487, 16329823, 16330111, 16330447, 16330735, 16331071, 16331359, 16331695, 30294008, 30323617, 18752363, 18752747, 18753131, 18753515, 18753899, 18754283, 18754667, 18755051, 18755435, 18755819, 18756203, 18756635, 18757019, 18757403, 18757787, 17482033, 17482369, 17482753, 17483137, 34656395, 18762779, 18763163, 18763595, 18763979, 18764363, 18764747, 18765131, 18765515, 18765899, 18766283, 18766667, 18767051, 18767435, 18767819, 18768203, 18768587, 18768971, 18769355, 18769739, 18770123, 18770555, 18770939, 18771323, 18771707, 18772091, 18772475, 18772859, 18773243, 18773627, 18774011, 18774395, 18774779, 18775163, 18775547, 18775931, 18776315, 18776699, 18777083, 18777515, 18777899, 18778283, 18778667, 18779051, 18779435, 18779819, 18780203, 18780587, 18780971, 18781355, 18781739, 18782123, 18782507, 18782891, 18783275, 18783659, 18784043, 18784475, 18784859, 18785243, 18785627, 18786011, 18786395, 18786779, 18787163, 18787547, 18787931, 18788315, 18788699, 18789083, 18789467, 18789851, 18790235, 18790619, 18791051, 18791435, 17516161, 31925147, 18786107, 18786491, 18786875, 18787259, 18787643, 18788027, 18788411, 17513137, 31918139, 18782651, 18783035, 18783419, 18783803, 18784187, 18784619]"
0,11,Qwen/Qwen3-30B-A3B-Instruct-2507,1511,176,12418385782,15699822904,3281437122,13284323,55830444,18432038,"[16321423, 16321711, 16322047, 16322335, 16322671, 16322959, 16323247, 16323583, 16323871, 16324207, 16324495, 16324831, 16325119, 16325455, 16325743, 16326079, 16326367, 16326703, 16326991, 16327327, 16327615, 16327951, 16328239, 16328575, 16328863, 16329199, 16329487, 16329823, 16330111, 16330447, 16330735, 16331071, 16331359, 16331695, 30294008, 30323617, 18752363, 18752747, 18753131, 18753515, 18753899, 18754283, 18754667, 18755051, 18755435, 18755819, 18756203, 18756635, 18757019, 18757403, 18757787, 17482033, 17482369, 17482753, 17483137, 34656395, 18762779, 18763163, 18763595, 18763979, 18764363, 18764747, 18765131, 18765515, 18765899, 18766283, 18766667, 18767051, 18767435, 18767819, 18768203, 18768587, 18768971, 18769355, 18769739, 18770123, 18770555, 18770939, 18771323, 18771707, 18772091, 18772475, 18772859, 18773243, 18773627, 18774011, 18774395, 18774779, 18775163, 18775547, 18775931, 18776315, 18776699, 18777083, 18777515, 18777899, 18778283, 18778667, 18779051, 18779435, 18779819, 18780203, 18780587, 18780971, 18781355, 18781739, 18782123, 18782507, 18782891, 18783275, 18783659, 18784043, 18784475, 18784859, 18785243, 18785627, 18786011, 18786395, 18786779, 18787163, 18787547, 18787931, 18788315, 18788699, 18789083, 18789467, 18789851, 18790235, 18790619, 18791051, 18791435, 17516161, 31925147, 18786107, 18786491, 18786875, 18787259, 18787643, 18788027, 18788411, 17513137, 31918139, 18782651, 18783035, 18783419, 18783803, 18784187, 18784619, 17499217, 17499601, 17499937, 17500321, 17500657, 17501041, 17501377, 17501761, 17502145, 17502481, 17502865, 17503201, 17503585, 17503921, 17504305, 17504641, 17505025, 17505361, 17505745, 17506081, 17506465, 17506801, 17507185, 17507521, 17507905, 17508241, 17508625]"
0,14,Qwen/Qwen3-30B-A3B-Instruct-2507,1511,176,12418385782,15699822904,3281437122,13284323,55830444,18432038,"[16321423, 16321711, 16322047, 16322335, 16322671, 16322959, 16323247, 16323583, 16323871, 16324207, 16324495, 16324831, 16325119, 16325455, 16325743, 16326079, 16326367, 16326703, 16326991, 16327327, 16327615, 16327951, 16328239, 16328575, 16328863, 16329199, 16329487, 16329823, 16330111, 16330447, 16330735, 16331071, 16331359, 16331695, 30294008, 30323617, 18752363, 18752747, 18753131, 18753515, 18753899, 18754283, 18754667, 18755051, 18755435, 18755819, 18756203, 18756635, 18757019, 18757403, 18757787, 17482033, 17482369, 17482753, 17483137, 34656395, 18762779, 18763163, 18763595, 18763979, 18764363, 18764747, 18765131, 18765515, 18765899, 18766283, 18766667, 18767051, 18767435, 18767819, 18768203, 18768587, 18768971, 18769355, 18769739, 18770123, 18770555, 18770939, 18771323, 18771707, 18772091, 18772475, 18772859, 18773243, 18773627, 18774011, 18774395, 18774779, 18775163, 18775547, 18775931, 18776315, 18776699, 18777083, 18777515, 18777899, 18778283, 18778667, 18779051, 18779435, 18779819, 18780203, 18780587, 18780971, 18781355, 18781739, 18782123, 18782507, 18782891, 18783275, 18783659, 18784043, 18784475, 18784859, 18785243, 18785627, 18786011, 18786395, 18786779, 18787163, 18787547, 18787931, 18788315, 18788699, 18789083, 18789467, 18789851, 18790235, 18790619, 18791051, 18791435, 17516161, 31925147, 18786107, 18786491, 18786875, 18787259, 18787643, 18788027, 18788411, 17513137, 31918139, 18782651, 18783035, 18783419, 18783803, 18784187, 18784619, 17499217, 17499601, 17499937, 17500321, 17500657, 17501041, 17501377, 17501761, 17502145, 17502481, 17502865, 17503201, 17503585, 17503921, 17504305, 17504641, 17505025, 17505361, 17505745, 17506081, 17506465, 17506801, 17507185, 17507521, 17507905, 17508241, 17508625]"
0,17,Qwen/Qwen3-30B-A3B-Instruct-2507,1511,176,13427931344,16549643168,3121711824,13261090,47917485,17564539,"[18762779, 18763163, 18763595, 18763979, 18764363, 18764747, 18765131, 18765515, 18765899, 18766283, 18766667, 18767051, 18767435, 18767819, 18768203, 18768587, 18768971, 18769355, 18769739, 18770123, 18770555, 18770939, 18771323, 18771707, 18772091, 18772475, 18772859, 18773243, 18773627, 18774011, 18774395, 18774779, 18775163, 18775547, 18775931, 18776315, 18776699, 18777083, 18777515, 18777899, 18778283, 18778667, 18779051, 18779435, 18779819, 18780203, 18780587, 18780971, 18781355, 18781739, 18782123, 18782507, 18782891, 18783275, 18783659, 18784043, 18784475, 18784859, 18785243, 18785627, 18786011, 18786395, 18786779, 18787163, 18787547, 18787931, 18788315, 18788699, 18789083, 18789467, 18789851, 18790235, 18790619, 18791051, 18791435, 17516161, 31925147, 18786107, 18786491, 18786875, 18787259, 18787643, 18788027, 18788411, 17513137, 31918139, 18782651, 18783035, 18783419, 18783803, 18784187, 18784619, 17499217, 17499601, 17499937, 17500321, 17500657, 17501041, 17501377, 17501761, 17502145, 17502481, 17502865, 17503201, 17503585, 17503921, 17504305, 17504641, 17505025, 17505361, 17505745, 17506081, 17506465, 17506801, 17507185, 17507521, 17507905, 17508241, 17508625, 15168149, 15168437, 15168677, 15168965, 15169205, 15169493, 15169733, 15169973, 15170261, 15170501, 15170789, 15171029, 15171317, 15171557, 15171845, 15172085, 15172373, 15172613, 15172853, 15173141, 15173381, 15173669, 15173909, 15174197, 15174437, 15174725, 15174965, 15175253, 15175493, 15175733, 15176021, 15176261, 15176549, 15176789, 15177077, 15177317, 15177605, 15177845, 15178133, 15178373, 15178613, 15178901, 15179141, 15179429, 15179669, 15179957, 15180197, 15180485, 15180725, 15181013, 15181253, 15181493, 15181781, 15182021, 15182309, 15182549]"
0,19,Qwen/Qwen3-30B-A3B-Instruct-2507,1307,137,14899050937,17081693542,2182642605,2597006,34522153,15795003,"[18786107, 18786491, 18786875, 18787259, 18787643, 18788027, 18788411, 17513137, 31918139, 18782651, 18783035, 18783419, 18783803, 18784187, 18784619, 17499217, 17499601, 17499937, 17500321, 17500657, 17501041, 17501377, 17501761, 17502145, 17502481, 17502865, 17503201, 17503585, 17503921, 17504305, 17504641, 17505025, 17505361, 17505745, 17506081, 17506465, 17506801, 17507185, 17507521, 17507905, 17508241, 17508625, 15168149, 15168437, 15168677, 15168965, 15169205, 15169493, 15169733, 15169973, 15170261, 15170501, 15170789, 15171029, 15171317, 15171557, 15171845, 15172085, 15172373, 15172613, 15172853, 15173141, 15173381, 15173669, 15173909, 15174197, 15174437, 15174725, 15174965, 15175253, 15175493, 15175733, 15176021, 15176261, 15176549, 15176789, 15177077, 15177317, 15177605, 15177845, 15178133, 15178373, 15178613, 15178901, 15179141, 15179429, 15179669, 15179957, 15180197, 15180485, 15180725, 15181013, 15181253, 15181493, 15181781, 15182021, 15182309, 15182549, 13997377, 13997617, 13997809, 13998049, 13998241, 13998481, 13998673, 13998865, 13999105, 13999297, 13999537, 13999729, 13999969, 14000161, 14000353, 14000593, 14000785, 14001025, 14001217, 14001409, 14001649, 14001841, 14002081, 14002273, 14002513, 14002705, 14002897, 14003137, 14003329, 14003569, 14003761, 14004001, 14004193, 14004385, 14004625, 14004817, 14005057, 14005249]"
0,22,Qwen/Qwen3-30B-A3B-Instruct-2507,1307,137,15080003058,17222428592,2142425534,2593982,34512121,15499363,"[18782651, 18783035, 18783419, 18783803, 18784187, 18784619, 17499217, 17499601, 17499937, 17500321, 17500657, 17501041, 17501377, 17501761, 17502145, 17502481, 17502865, 17503201, 17503585, 17503921, 17504305, 17504641, 17505025, 17505361, 17505745, 17506081, 17506465, 17506801, 17507185, 17507521, 17507905, 17508241, 17508625, 15168149, 15168437, 15168677, 15168965, 15169205, 15169493, 15169733, 15169973, 15170261, 15170501, 15170789, 15171029, 15171317, 15171557, 15171845, 15172085, 15172373, 15172613, 15172853, 15173141, 15173381, 15173669, 15173909, 15174197, 15174437, 15174725, 15174965, 15175253, 15175493, 15175733, 15176021, 15176261, 15176549, 15176789, 15177077, 15177317, 15177605, 15177845, 15178133, 15178373, 15178613, 15178901, 15179141, 15179429, 15179669, 15179957, 15180197, 15180485, 15180725, 15181013, 15181253, 15181493, 15181781, 15182021, 15182309, 15182549, 13997377, 13997617, 13997809, 13998049, 13998241, 13998481, 13998673, 13998865, 13999105, 13999297, 13999537, 13999729, 13999969, 14000161, 14000353, 14000593, 14000785, 14001025, 14001217, 14001409, 14001649, 14001841, 14002081, 14002273, 14002513, 14002705, 14002897, 14003137, 14003329, 14003569, 14003761, 14004001, 14004193, 14004385, 14004625, 14004817, 14005057, 14005249, 12852566, 12852710, 12852854, 12853046, 12853190, 34444905, 14008369, 14008609, 14008801]"
0,24,Qwen/Qwen3-30B-A3B-Instruct-2507,1146,490,10757530539,18874051585,8116521046,9087141,44393310,16507418,"[16289119, 16289455, 16289743, 16290079, 16290367, 16290703, 16290991, 16291327, 16291615, 16291951, 16292239, 16292575, 16292863, 15139829, 31638275, 16286191, 16286527, 16286815, 16287151, 16287439, 16287775, 16288063, 16288351, 16288687, 16288975, 16289311, 16289599, 16289935, 16290223, 16290559, 16290847, 16291183, 16291471, 16291807, 16292095, 16292431, 16292719, 16293055, 16293343, 16293679, 16293967, 16294303, 16294591, 16294927, 16295215, 16295551, 16295839, 16296175, 16296463, 16296799, 16297087, 16297423, 16297711, 16298047, 16298335, 16298671, 16298959, 16299295, 16299583, 16299871, 16300207, 16300495, 16300831, 16301119, 16301455, 16301743, 16302079, 16302367, 15150485, 15150725, 15151013, 15151253, 34507126, 16307551, 16307839, 16308175, 16308463, 16308799, 16309087, 16309423, 16309711, 16310047, 16310335, 16310671, 16310959, 16311295, 16311583, 16311871, 16312207, 16312495, 16312831, 16313119, 16313455, 16313743, 13990273, 13990513, 13990705, 13990897, 13991137, 42546121, 16321423, 16321711, 16322047, 16322335, 16322671, 16322959, 16323247, 16323583, 16323871, 16324207, 16324495, 16324831, 16325119, 16325455, 16325743, 16326079, 16326367, 16326703, 16326991, 16327327, 16327615, 16327951, 16328239, 16328575, 16328863, 16329199, 16329487, 16329823, 16330111, 16330447, 16330735, 16331071, 16331359, 16331695, 30294008, 30323617, 18752363, 18752747, 18753131, 18753515, 18753899, 18754283, 18754667, 18755051, 18755435, 18755819, 18756203, 18756635, 18757019, 18757403, 18757787, 17482033, 17482369, 17482753, 17483137, 34656395, 18762779, 18763163, 18763595, 18763979, 18764363, 18764747, 18765131, 18765515, 18765899, 18766283, 18766667, 18767051, 18767435, 18767819, 18768203, 18768587, 18768971, 18769355, 18769739, 18770123, 18770555, 18770939, 18771323, 18771707, 18772091, 18772475, 18772859, 18773243, 18773627, 18774011, 18774395, 18774779, 18775163, 18775547, 18775931, 18776315, 18776699, 18777083, 18777515, 18777899, 18778283, 18778667, 18779051, 18779435, 18779819, 18780203, 18780587, 18780971, 18781355, 18781739, 18782123, 18782507, 18782891, 18783275, 18783659, 18784043, 18784475, 18784859, 18785243, 18785627, 18786011, 18786395, 18786779, 18787163, 18787547, 18787931, 18788315, 18788699, 18789083, 18789467, 18789851, 18790235, 18790619, 18791051, 18791435, 17516161, 31925147, 18786107, 18786491, 18786875, 18787259, 18787643, 18788027, 18788411, 17513137, 31918139, 18782651, 18783035, 18783419, 18783803, 18784187, 18784619, 17499217, 17499601, 17499937, 17500321, 17500657, 17501041, 17501377, 17501761, 17502145, 17502481, 17502865, 17503201, 17503585, 17503921, 17504305, 17504641, 17505025, 17505361, 17505745, 17506081, 17506465, 17506801, 17507185, 17507521, 17507905, 17508241, 17508625, 15168149, 15168437, 15168677, 15168965, 15169205, 15169493, 15169733, 15169973, 15170261, 15170501, 15170789, 15171029, 15171317, 15171557, 15171845, 15172085, 15172373, 15172613, 15172853, 15173141, 15173381, 15173669, 15173909, 15174197, 15174437, 15174725, 15174965, 15175253, 15175493, 15175733, 15176021, 15176261, 15176549, 15176789, 15177077, 15177317, 15177605, 15177845, 15178133, 15178373, 15178613, 15178901, 15179141, 15179429, 15179669, 15179957, 15180197, 15180485, 15180725, 15181013, 15181253, 15181493, 15181781, 15182021, 15182309, 15182549, 13997377, 13997617, 13997809, 13998049, 13998241, 13998481, 13998673, 13998865, 13999105, 13999297, 13999537, 13999729, 13999969, 14000161, 14000353, 14000593, 14000785, 14001025, 14001217, 14001409, 14001649, 14001841, 14002081, 14002273, 14002513, 14002705, 14002897, 14003137, 14003329, 14003569, 14003761, 14004001, 14004193, 14004385, 14004625, 14004817, 14005057, 14005249, 12852566, 12852710, 12852854, 12853046, 12853190, 34444905, 14008369, 14008609, 14008801, 12855542, 12855686, 12855830, 12856022, 12856166, 34458009, 14012977, 14013169, 14013361, 14013601, 14013793, 14014033, 14014225, 14014417, 14014657, 14014849, 14015089, 14015281, 14015521, 14015713, 14015905, 14016145, 14016337, 14016577, 14016769, 14017009, 14017201, 14017393, 14017633, 14017825, 14018065, 14018257, 14018449, 14018689, 14018881, 14019121, 14019313, 14019553, 14019745, 14019937, 14020177, 14020369, 14020609, 14020801, 14021041, 14021233, 14021425, 14021665, 14021857, 14022097, 14022289, 14022481, 14022721, 14022913, 14023153, 30234646, 15188693, 15188933, 15189221, 15189461, 15189749, 15189989, 15190277, 15190517, 15190805, 15191045, 15191333, 15191573, 15191813, 15192101, 15192341, 15192629, 15192869, 15193157, 15193397, 15193685, 15193925, 15194213, 15194453, 15194693, 15194981, 15195221, 15195509, 15195749, 15196037, 15196277, 15196565, 15196805, 15197045, 15197333, 15197573, 15197861, 15198101, 15198389, 15198629, 15198917, 15199157, 15199445, 15199685, 15199925, 15200213, 15200453, 15200741, 15200981, 15201269, 15201509, 15201797, 15202037, 15202325, 15202565, 15202805]"
0,20,Qwen/Qwen3-30B-A3B-Instruct-2507,1511,176,17138362744,20026516893,2888154149,7595164,42040069,16263509,"[14008369, 14008609, 14008801, 12855542, 12855686, 12855830, 12856022, 12856166, 34458009, 14012977, 14013169, 14013361, 14013601, 14013793, 14014033, 14014225, 14014417, 14014657, 14014849, 14015089, 14015281, 14015521, 14015713, 14015905, 14016145, 14016337, 14016577, 14016769, 14017009, 14017201, 14017393, 14017633, 14017825, 14018065, 14018257, 14018449, 14018689, 14018881, 14019121, 14019313, 14019553, 14019745, 14019937, 14020177, 14020369, 14020609, 14020801, 14021041, 14021233, 14021425, 14021665, 14021857, 14022097, 14022289, 14022481, 14022721, 14022913, 14023153, 30234646, 15188693, 15188933, 15189221, 15189461, 15189749, 15189989, 15190277, 15190517, 15190805, 15191045, 15191333, 15191573, 15191813, 15192101, 15192341, 15192629, 15192869, 15193157, 15193397, 15193685, 15193925, 15194213, 15194453, 15194693, 15194981, 15195221, 15195509, 15195749, 15196037, 15196277, 15196565, 15196805, 15197045, 15197333, 15197573, 15197861, 15198101, 15198389, 15198629, 15198917, 15199157, 15199445, 15199685, 15199925, 15200213, 15200453, 15200741, 15200981, 15201269, 15201509, 15201797, 15202037, 15202325, 15202565, 15202805, 14017249, 14017489, 14017681, 14017873, 14018113, 38850137, 30260061, 16324303, 16324591, 30275720, 17481457, 17481841, 17482177, 17482561, 17482897, 17483281, 17483665, 17484001, 17484385, 17484721, 17485105, 17485441, 17485825, 17486161, 30321937, 18750107, 18750491, 18750875, 18751259, 18751643, 18752027, 18752411, 18752795, 18753179, 18753563, 18753947, 18754331, 18754715, 18755099, 18755483, 18755867, 18756251, 18756635, 18757067, 18757451, 18757835, 18758219, 18758603, 18758987, 18759371, 18759755, 18760139, 18760523, 18760907, 18761291, 18761675, 18762059, 18762443, 18762827, 18763211, 18763595]"
0,23,Qwen/Qwen3-30B-A3B-Instruct-2507,1511,176,17279097794,20197949200,2918851406,7610044,42068053,16438762,"[14012977, 14013169, 14013361, 14013601, 14013793, 14014033, 14014225, 14014417, 14014657, 14014849, 14015089, 14015281, 14015521, 14015713, 14015905, 14016145, 14016337, 14016577, 14016769, 14017009, 14017201, 14017393, 14017633, 14017825, 14018065, 14018257, 14018449, 14018689, 14018881, 14019121, 14019313, 14019553, 14019745, 14019937, 14020177, 14020369, 14020609, 14020801, 14021041, 14021233, 14021425, 14021665, 14021857, 14022097, 14022289, 14022481, 14022721, 14022913, 14023153, 30234646, 15188693, 15188933, 15189221, 15189461, 15189749, 15189989, 15190277, 15190517, 15190805, 15191045, 15191333, 15191573, 15191813, 15192101, 15192341, 15192629, 15192869, 15193157, 15193397, 15193685, 15193925, 15194213, 15194453, 15194693, 15194981, 15195221, 15195509, 15195749, 15196037, 15196277, 15196565, 15196805, 15197045, 15197333, 15197573, 15197861, 15198101, 15198389, 15198629, 15198917, 15199157, 15199445, 15199685, 15199925, 15200213, 15200453, 15200741, 15200981, 15201269, 15201509, 15201797, 15202037, 15202325, 15202565, 15202805, 14017249, 14017489, 14017681, 14017873, 14018113, 38850137, 30260061, 16324303, 16324591, 30275720, 17481457, 17481841, 17482177, 17482561, 17482897, 17483281, 17483665, 17484001, 17484385, 17484721, 17485105, 17485441, 17485825, 17486161, 30321937, 18750107, 18750491, 18750875, 18751259, 18751643, 18752027, 18752411, 18752795, 18753179, 18753563, 18753947, 18754331, 18754715, 18755099, 18755483, 18755867, 18756251, 18756635, 18757067, 18757451, 18757835, 18758219, 18758603, 18758987, 18759371, 18759755, 18760139, 18760523, 18760907, 18761291, 18761675, 18762059, 18762443, 18762827, 18763211, 18763595, 17482657, 17483041, 17483377, 17483761, 17484097, 17484481, 17484817, 30306865, 18739211]"
0,26,Qwen/Qwen3-30B-A3B-Instruct-2507,1146,490,13016719636,21395072971,8378353335,12598924,42892932,17045931,"[30323617, 18752363, 18752747, 18753131, 18753515, 18753899, 18754283, 18754667, 18755051, 18755435, 18755819, 18756203, 18756635, 18757019, 18757403, 18757787, 17482033, 17482369, 17482753, 17483137, 34656395, 18762779, 18763163, 18763595, 18763979, 18764363, 18764747, 18765131, 18765515, 18765899, 18766283, 18766667, 18767051, 18767435, 18767819, 18768203, 18768587, 18768971, 18769355, 18769739, 18770123, 18770555, 18770939, 18771323, 18771707, 18772091, 18772475, 18772859, 18773243, 18773627, 18774011, 18774395, 18774779, 18775163, 18775547, 18775931, 18776315, 18776699, 18777083, 18777515, 18777899, 18778283, 18778667, 18779051, 18779435, 18779819, 18780203, 18780587, 18780971, 18781355, 18781739, 18782123, 18782507, 18782891, 18783275, 18783659, 18784043, 18784475, 18784859, 18785243, 18785627, 18786011, 18786395, 18786779, 18787163, 18787547, 18787931, 18788315, 18788699, 18789083, 18789467, 18789851, 18790235, 18790619, 18791051, 18791435, 17516161, 31925147, 18786107, 18786491, 18786875, 18787259, 18787643, 18788027, 18788411, 17513137, 31918139, 18782651, 18783035, 18783419, 18783803, 18784187, 18784619, 17499217, 17499601, 17499937, 17500321, 17500657, 17501041, 17501377, 17501761, 17502145, 17502481, 17502865, 17503201, 17503585, 17503921, 17504305, 17504641, 17505025, 17505361, 17505745, 17506081, 17506465, 17506801, 17507185, 17507521, 17507905, 17508241, 17508625, 15168149, 15168437, 15168677, 15168965, 15169205, 15169493, 15169733, 15169973, 15170261, 15170501, 15170789, 15171029, 15171317, 15171557, 15171845, 15172085, 15172373, 15172613, 15172853, 15173141, 15173381, 15173669, 15173909, 15174197, 15174437, 15174725, 15174965, 15175253, 15175493, 15175733, 15176021, 15176261, 15176549, 15176789, 15177077, 15177317, 15177605, 15177845, 15178133, 15178373, 15178613, 15178901, 15179141, 15179429, 15179669, 15179957, 15180197, 15180485, 15180725, 15181013, 15181253, 15181493, 15181781, 15182021, 15182309, 15182549, 13997377, 13997617, 13997809, 13998049, 13998241, 13998481, 13998673, 13998865, 13999105, 13999297, 13999537, 13999729, 13999969, 14000161, 14000353, 14000593, 14000785, 14001025, 14001217, 14001409, 14001649, 14001841, 14002081, 14002273, 14002513, 14002705, 14002897, 14003137, 14003329, 14003569, 14003761, 14004001, 14004193, 14004385, 14004625, 14004817, 14005057, 14005249, 12852566, 12852710, 12852854, 12853046, 12853190, 34444905, 14008369, 14008609, 14008801, 12855542, 12855686, 12855830, 12856022, 12856166, 34458009, 14012977, 14013169, 14013361, 14013601, 14013793, 14014033, 14014225, 14014417, 14014657, 14014849, 14015089, 14015281, 14015521, 14015713, 14015905, 14016145, 14016337, 14016577, 14016769, 14017009, 14017201, 14017393, 14017633, 14017825, 14018065, 14018257, 14018449, 14018689, 14018881, 14019121, 14019313, 14019553, 14019745, 14019937, 14020177, 14020369, 14020609, 14020801, 14021041, 14021233, 14021425, 14021665, 14021857, 14022097, 14022289, 14022481, 14022721, 14022913, 14023153, 30234646, 15188693, 15188933, 15189221, 15189461, 15189749, 15189989, 15190277, 15190517, 15190805, 15191045, 15191333, 15191573, 15191813, 15192101, 15192341, 15192629, 15192869, 15193157, 15193397, 15193685, 15193925, 15194213, 15194453, 15194693, 15194981, 15195221, 15195509, 15195749, 15196037, 15196277, 15196565, 15196805, 15197045, 15197333, 15197573, 15197861, 15198101, 15198389, 15198629, 15198917, 15199157, 15199445, 15199685, 15199925, 15200213, 15200453, 15200741, 15200981, 15201269, 15201509, 15201797, 15202037, 15202325, 15202565, 15202805, 14017249, 14017489, 14017681, 14017873, 14018113, 38850137, 30260061, 16324303, 16324591, 30275720, 17481457, 17481841, 17482177, 17482561, 17482897, 17483281, 17483665, 17484001, 17484385, 17484721, 17485105, 17485441, 17485825, 17486161, 30321937, 18750107, 18750491, 18750875, 18751259, 18751643, 18752027, 18752411, 18752795, 18753179, 18753563, 18753947, 18754331, 18754715, 18755099, 18755483, 18755867, 18756251, 18756635, 18757067, 18757451, 18757835, 18758219, 18758603, 18758987, 18759371, 18759755, 18760139, 18760523, 18760907, 18761291, 18761675, 18762059, 18762443, 18762827, 18763211, 18763595, 17482657, 17483041, 17483377, 17483761, 17484097, 17484481, 17484817, 30306865, 18739211, 17460433, 17460817, 17461153, 17461537, 17461873, 17462257, 17462593, 17462977, 17463313, 17463697, 17464033, 17464417, 17464753, 17465137, 17465473, 17465857, 17466193, 17466577, 17466913, 17467297, 17467633, 17468017, 17468353, 17468737, 17469121, 17469457, 17469841, 17470177, 17470561, 17470897, 17471281, 37489457, 18726923, 18727307, 18727691, 18728075, 18728459, 18728843, 18729275, 18729659, 18730043, 18730427, 18730811, 18731195, 18731579, 18731963, 18732347, 18732731, 18733115, 18733499, 18733883, 18734267, 18734651, 18735035, 18735419, 18735803, 18736235, 18736619, 18737003, 18737387, 18737771, 18738155, 18738539, 18738923, 18739307]"
0,28,Qwen/Qwen3-30B-A3B-Instruct-2507,1146,490,13057660436,21412527404,8354866968,1952132,32275749,17019613,"[18752363, 18752747, 18753131, 18753515, 18753899, 18754283, 18754667, 18755051, 18755435, 18755819, 18756203, 18756635, 18757019, 18757403, 18757787, 17482033, 17482369, 17482753, 17483137, 34656395, 18762779, 18763163, 18763595, 18763979, 18764363, 18764747, 18765131, 18765515, 18765899, 18766283, 18766667, 18767051, 18767435, 18767819, 18768203, 18768587, 18768971, 18769355, 18769739, 18770123, 18770555, 18770939, 18771323, 18771707, 18772091, 18772475, 18772859, 18773243, 18773627, 18774011, 18774395, 18774779, 18775163, 18775547, 18775931, 18776315, 18776699, 18777083, 18777515, 18777899, 18778283, 18778667, 18779051, 18779435, 18779819, 18780203, 18780587, 18780971, 18781355, 18781739, 18782123, 18782507, 18782891, 18783275, 18783659, 18784043, 18784475, 18784859, 18785243, 18785627, 18786011, 18786395, 18786779, 18787163, 18787547, 18787931, 18788315, 18788699, 18789083, 18789467, 18789851, 18790235, 18790619, 18791051, 18791435, 17516161, 31925147, 18786107, 18786491, 18786875, 18787259, 18787643, 18788027, 18788411, 17513137, 31918139, 18782651, 18783035, 18783419, 18783803, 18784187, 18784619, 17499217, 17499601, 17499937, 17500321, 17500657, 17501041, 17501377, 17501761, 17502145, 17502481, 17502865, 17503201, 17503585, 17503921, 17504305, 17504641, 17505025, 17505361, 17505745, 17506081, 17506465, 17506801, 17507185, 17507521, 17507905, 17508241, 17508625, 15168149, 15168437, 15168677, 15168965, 15169205, 15169493, 15169733, 15169973, 15170261, 15170501, 15170789, 15171029, 15171317, 15171557, 15171845, 15172085, 15172373, 15172613, 15172853, 15173141, 15173381, 15173669, 15173909, 15174197, 15174437, 15174725, 15174965, 15175253, 15175493, 15175733, 15176021, 15176261, 15176549, 15176789, 15177077, 15177317, 15177605, 15177845, 15178133, 15178373, 15178613, 15178901, 15179141, 15179429, 15179669, 15179957, 15180197, 15180485, 15180725, 15181013, 15181253, 15181493, 15181781, 15182021, 15182309, 15182549, 13997377, 13997617, 13997809, 13998049, 13998241, 13998481, 13998673, 13998865, 13999105, 13999297, 13999537, 13999729, 13999969, 14000161, 14000353, 14000593, 14000785, 14001025, 14001217, 14001409, 14001649, 14001841, 14002081, 14002273, 14002513, 14002705, 14002897, 14003137, 14003329, 14003569, 14003761, 14004001, 14004193, 14004385, 14004625, 14004817, 14005057, 14005249, 12852566, 12852710, 12852854, 12853046, 12853190, 34444905, 14008369, 14008609, 14008801, 12855542, 12855686, 12855830, 12856022, 12856166, 34458009, 14012977, 14013169, 14013361, 14013601, 14013793, 14014033, 14014225, 14014417, 14014657, 14014849, 14015089, 14015281, 14015521, 14015713, 14015905, 14016145, 14016337, 14016577, 14016769, 14017009, 14017201, 14017393, 14017633, 14017825, 14018065, 14018257, 14018449, 14018689, 14018881, 14019121, 14019313, 14019553, 14019745, 14019937, 14020177, 14020369, 14020609, 14020801, 14021041, 14021233, 14021425, 14021665, 14021857, 14022097, 14022289, 14022481, 14022721, 14022913, 14023153, 30234646, 15188693, 15188933, 15189221, 15189461, 15189749, 15189989, 15190277, 15190517, 15190805, 15191045, 15191333, 15191573, 15191813, 15192101, 15192341, 15192629, 15192869, 15193157, 15193397, 15193685, 15193925, 15194213, 15194453, 15194693, 15194981, 15195221, 15195509, 15195749, 15196037, 15196277, 15196565, 15196805, 15197045, 15197333, 15197573, 15197861, 15198101, 15198389, 15198629, 15198917, 15199157, 15199445, 15199685, 15199925, 15200213, 15200453, 15200741, 15200981, 15201269, 15201509, 15201797, 15202037, 15202325, 15202565, 15202805, 14017249, 14017489, 14017681, 14017873, 14018113, 38850137, 30260061, 16324303, 16324591, 30275720, 17481457, 17481841, 17482177, 17482561, 17482897, 17483281, 17483665, 17484001, 17484385, 17484721, 17485105, 17485441, 17485825, 17486161, 30321937, 18750107, 18750491, 18750875, 18751259, 18751643, 18752027, 18752411, 18752795, 18753179, 18753563, 18753947, 18754331, 18754715, 18755099, 18755483, 18755867, 18756251, 18756635, 18757067, 18757451, 18757835, 18758219, 18758603, 18758987, 18759371, 18759755, 18760139, 18760523, 18760907, 18761291, 18761675, 18762059, 18762443, 18762827, 18763211, 18763595, 17482657, 17483041, 17483377, 17483761, 17484097, 17484481, 17484817, 30306865, 18739211, 17460433, 17460817, 17461153, 17461537, 17461873, 17462257, 17462593, 17462977, 17463313, 17463697, 17464033, 17464417, 17464753, 17465137, 17465473, 17465857, 17466193, 17466577, 17466913, 17467297, 17467633, 17468017, 17468353, 17468737, 17469121, 17469457, 17469841, 17470177, 17470561, 17470897, 17471281, 37489457, 18726923, 18727307, 18727691, 18728075, 18728459, 18728843, 18729275, 18729659, 18730043, 18730427, 18730811, 18731195, 18731579, 18731963, 18732347, 18732731, 18733115, 18733499, 18733883, 18734267, 18734651, 18735035, 18735419, 18735803, 18736235, 18736619, 18737003, 18737387, 18737771, 18738155, 18738539, 18738923, 18739307, 17454433]"
0,25,Qwen/Qwen3-30B-A3B-Instruct-2507,1278,184,18940471691,22425594230,3485122539,3668299,42518436,18812044,"[30260061, 16324303, 16324591, 30275720, 17481457, 17481841, 17482177, 17482561, 17482897, 17483281, 17483665, 17484001, 17484385, 17484721, 17485105, 17485441, 17485825, 17486161, 30321937, 18750107, 18750491, 18750875, 18751259, 18751643, 18752027, 18752411, 18752795, 18753179, 18753563, 18753947, 18754331, 18754715, 18755099, 18755483, 18755867, 18756251, 18756635, 18757067, 18757451, 18757835, 18758219, 18758603, 18758987, 18759371, 18759755, 18760139, 18760523, 18760907, 18761291, 18761675, 18762059, 18762443, 18762827, 18763211, 18763595, 17482657, 17483041, 17483377, 17483761, 17484097, 17484481, 17484817, 30306865, 18739211, 17460433, 17460817, 17461153, 17461537, 17461873, 17462257, 17462593, 17462977, 17463313, 17463697, 17464033, 17464417, 17464753, 17465137, 17465473, 17465857, 17466193, 17466577, 17466913, 17467297, 17467633, 17468017, 17468353, 17468737, 17469121, 17469457, 17469841, 17470177, 17470561, 17470897, 17471281, 37489457, 18726923, 18727307, 18727691, 18728075, 18728459, 18728843, 18729275, 18729659, 18730043, 18730427, 18730811, 18731195, 18731579, 18731963, 18732347, 18732731, 18733115, 18733499, 18733883, 18734267, 18734651, 18735035, 18735419, 18735803, 18736235, 18736619, 18737003, 18737387, 18737771, 18738155, 18738539, 18738923, 18739307, 17454433, 16276063, 16276399, 16276687, 16277023, 34049768, 34106129, 18710363, 18710747, 18711131, 18711515, 18711899, 18712283, 18712667, 18713051, 18713435, 18713819, 18714203, 18714635, 18715019, 18715403, 18715787, 18716171, 18716555, 18716939, 18717323, 18717707, 18718091, 18718475, 18718859, 18719243, 18719627, 18720011, 18720395, 18720779, 18721163, 18721595, 18721979, 18722363, 18722747, 18723131, 18723515, 18723899, 18724283, 18724667, 18725051, 18725435, 18725819, 18726203, 18726587, 18726971, 18727355, 18727739, 18728123]"
0,27,Qwen/Qwen3-30B-A3B-Instruct-2507,1278,184,21461493077,24784496237,3323003160,16140499,50190267,17884223,"[34106129, 18710363, 18710747, 18711131, 18711515, 18711899, 18712283, 18712667, 18713051, 18713435, 18713819, 18714203, 18714635, 18715019, 18715403, 18715787, 18716171, 18716555, 18716939, 18717323, 18717707, 18718091, 18718475, 18718859, 18719243, 18719627, 18720011, 18720395, 18720779, 18721163, 18721595, 18721979, 18722363, 18722747, 18723131, 18723515, 18723899, 18724283, 18724667, 18725051, 18725435, 18725819, 18726203, 18726587, 18726971, 18727355, 18727739, 18728123, 17449153, 17449537, 17449873, 17450257, 17450593, 17450977, 17451313, 17451697, 17452033, 17452417, 17452753, 17453137, 17453521, 17453857, 17454241, 17454577, 17454961, 17455297, 17455681, 17456017, 17456401, 17456737, 17457121, 17457457, 17457841, 17458177, 17458561, 17458897, 17459281, 17459617, 17460001, 17460337, 17460721, 17461057, 17461441, 17461777, 17462161, 17462497, 17462881, 17463265, 17463601, 17463985, 17464321, 17464705, 17465041, 17465425, 17465761, 17466145, 17466481, 17466865, 17467201, 17467585, 17467921, 17468305, 17468641, 17469025, 17469361, 17469745, 17470081, 17470465, 17470801, 17471185, 17471521, 17471905, 17472289, 17472625, 17473009, 17473345, 17473729, 17474065, 17474449, 17474785, 17475169, 17475505, 17475889, 17476225, 17476609, 17476945, 17477329, 17477665, 17478049, 17478385, 17478769, 17479105, 17479489, 17479825, 17480209, 17480545, 17480929, 17481265, 17481649, 17482033, 17482369, 17482753, 17483089, 17483473, 17483809, 17484193, 17484529, 17484913, 17485249, 17485633, 17485969, 17486353, 17486689, 17487073, 17487409, 17487793, 17488129, 17488513, 17488849, 17489233, 17489569, 17489953, 17490289, 17490673, 17491057, 17491393, 17491777, 17492113, 17492497, 17492833, 17493217, 17493553, 17493937, 17494273, 17494657, 17494993, 17495377, 17495713, 17496097, 17496433, 17496817, 17497153, 17497537]"
0,29,Qwen/Qwen3-30B-A3B-Instruct-2507,1278,184,21478947510,24800824140,3321876630,32735834,66841963,17787074,"[18710363, 18710747, 18711131, 18711515, 18711899, 18712283, 18712667, 18713051, 18713435, 18713819, 18714203, 18714635, 18715019, 18715403, 18715787, 18716171, 18716555, 18716939, 18717323, 18717707, 18718091, 18718475, 18718859, 18719243, 18719627, 18720011, 18720395, 18720779, 18721163, 18721595, 18721979, 18722363, 18722747, 18723131, 18723515, 18723899, 18724283, 18724667, 18725051, 18725435, 18725819, 18726203, 18726587, 18726971, 18727355, 18727739, 18728123, 17449153, 17449537, 17449873, 17450257, 17450593, 17450977, 17451313, 17451697, 17452033, 17452417, 17452753, 17453137, 17453521, 17453857, 17454241, 17454577, 17454961, 17455297, 17455681, 17456017, 17456401, 17456737, 17457121, 17457457, 17457841, 17458177, 17458561, 17458897, 17459281, 17459617, 17460001, 17460337, 17460721, 17461057, 17461441, 17461777, 17462161, 17462497, 17462881, 17463265, 17463601, 17463985, 17464321, 17464705, 17465041, 17465425, 17465761, 17466145, 17466481, 17466865, 17467201, 17467585, 17467921, 17468305, 17468641, 17469025, 17469361, 17469745, 17470081, 17470465, 17470801, 17471185, 17471521, 17471905, 17472289, 17472625, 17473009, 17473345, 17473729, 17474065, 17474449, 17474785, 17475169, 17475505, 17475889, 17476225, 17476609, 17476945, 17477329, 17477665, 17478049, 17478385, 17478769, 17479105, 17479489, 17479825, 17480209, 17480545, 17480929, 17481265, 17481649, 17482033, 17482369, 17482753, 17483089, 17483473, 17483809, 17484193, 17484529, 17484913, 17485249, 17485633, 17485969, 17486353, 17486689, 17487073, 17487409, 17487793, 17488129, 17488513, 17488849, 17489233, 17489569, 17489953, 17490289, 17490673, 17491057, 17491393, 17491777, 17492113, 17492497, 17492833, 17493217, 17493553, 17493937, 17494273, 17494657, 17494993, 17495377, 17495713, 17496097, 17496433, 17496817, 17497153, 17497537, 16327903]"
0,30,Qwen/Qwen3-30B-A3B-Instruct-2507,1146,490,18004098002,26456401901,8452303899,3952166,34186812,17214963,"[15188693, 15188933, 15189221, 15189461, 15189749, 15189989, 15190277, 15190517, 15190805, 15191045, 15191333, 15191573, 15191813, 15192101, 15192341, 15192629, 15192869, 15193157, 15193397, 15193685, 15193925, 15194213, 15194453, 15194693, 15194981, 15195221, 15195509, 15195749, 15196037, 15196277, 15196565, 15196805, 15197045, 15197333, 15197573, 15197861, 15198101, 15198389, 15198629, 15198917, 15199157, 15199445, 15199685, 15199925, 15200213, 15200453, 15200741, 15200981, 15201269, 15201509, 15201797, 15202037, 15202325, 15202565, 15202805, 14017249, 14017489, 14017681, 14017873, 14018113, 38850137, 30260061, 16324303, 16324591, 30275720, 17481457, 17481841, 17482177, 17482561, 17482897, 17483281, 17483665, 17484001, 17484385, 17484721, 17485105, 17485441, 17485825, 17486161, 30321937, 18750107, 18750491, 18750875, 18751259, 18751643, 18752027, 18752411, 18752795, 18753179, 18753563, 18753947, 18754331, 18754715, 18755099, 18755483, 18755867, 18756251, 18756635, 18757067, 18757451, 18757835, 18758219, 18758603, 18758987, 18759371, 18759755, 18760139, 18760523, 18760907, 18761291, 18761675, 18762059, 18762443, 18762827, 18763211, 18763595, 17482657, 17483041, 17483377, 17483761, 17484097, 17484481, 17484817, 30306865, 18739211, 17460433, 17460817, 17461153, 17461537, 17461873, 17462257, 17462593, 17462977, 17463313, 17463697, 17464033, 17464417, 17464753, 17465137, 17465473, 17465857, 17466193, 17466577, 17466913, 17467297, 17467633, 17468017, 17468353, 17468737, 17469121, 17469457, 17469841, 17470177, 17470561, 17470897, 17471281, 37489457, 18726923, 18727307, 18727691, 18728075, 18728459, 18728843, 18729275, 18729659, 18730043, 18730427, 18730811, 18731195, 18731579, 18731963, 18732347, 18732731, 18733115, 18733499, 18733883, 18734267, 18734651, 18735035, 18735419, 18735803, 18736235, 18736619, 18737003, 18737387, 18737771, 18738155, 18738539, 18738923, 18739307, 17454433, 16276063, 16276399, 16276687, 16277023, 34049768, 34106129, 18710363, 18710747, 18711131, 18711515, 18711899, 18712283, 18712667, 18713051, 18713435, 18713819, 18714203, 18714635, 18715019, 18715403, 18715787, 18716171, 18716555, 18716939, 18717323, 18717707, 18718091, 18718475, 18718859, 18719243, 18719627, 18720011, 18720395, 18720779, 18721163, 18721595, 18721979, 18722363, 18722747, 18723131, 18723515, 18723899, 18724283, 18724667, 18725051, 18725435, 18725819, 18726203, 18726587, 18726971, 18727355, 18727739, 18728123, 17449153, 17449537, 17449873, 17450257, 17450593, 17450977, 17451313, 17451697, 17452033, 17452417, 17452753, 17453137, 17453521, 17453857, 17454241, 17454577, 17454961, 17455297, 17455681, 17456017, 17456401, 17456737, 17457121, 17457457, 17457841, 17458177, 17458561, 17458897, 17459281, 17459617, 17460001, 17460337, 17460721, 17461057, 17461441, 17461777, 17462161, 17462497, 17462881, 17463265, 17463601, 17463985, 17464321, 17464705, 17465041, 17465425, 17465761, 17466145, 17466481, 17466865, 17467201, 17467585, 17467921, 17468305, 17468641, 17469025, 17469361, 17469745, 17470081, 17470465, 17470801, 17471185, 17471521, 17471905, 17472289, 17472625, 17473009, 17473345, 17473729, 17474065, 17474449, 17474785, 17475169, 17475505, 17475889, 17476225, 17476609, 17476945, 17477329, 17477665, 17478049, 17478385, 17478769, 17479105, 17479489, 17479825, 17480209, 17480545, 17480929, 17481265, 17481649, 17482033, 17482369, 17482753, 17483089, 17483473, 17483809, 17484193, 17484529, 17484913, 17485249, 17485633, 17485969, 17486353, 17486689, 17487073, 17487409, 17487793, 17488129, 17488513, 17488849, 17489233, 17489569, 17489953, 17490289, 17490673, 17491057, 17491393, 17491777, 17492113, 17492497, 17492833, 17493217, 17493553, 17493937, 17494273, 17494657, 17494993, 17495377, 17495713, 17496097, 17496433, 17496817, 17497153, 17497537, 16327903, 15174629, 15174917, 15175157, 15175445, 15175685, 15175973, 15176213, 15176501, 15176741, 15177029, 15177269, 15177509, 15177797, 15178037, 15178325, 15178565, 15178853, 15179093, 15179381, 15179621, 15179909, 15180149, 15180389, 15180677, 15180917, 15181205, 15181445, 15181733, 15181973, 15182261, 15182501, 15182789, 15183029, 15183269, 15183557, 15183797, 15184085, 15184325, 15184613, 15184853, 15185141, 15185381, 15185669, 15185909, 15186149, 15186437, 15186677, 15186965, 15187205, 15187493, 15187733, 15188021, 15188261, 15188549, 15188789, 15189029, 15189317, 15189557, 15189845, 15190085, 15190373, 15190613, 15190901, 15191141, 15191381, 15191669, 15191909, 15192197, 15192437, 15192725, 15192965, 15193253, 15193493, 15193781, 15194021, 15194261, 15194549, 15194789, 15195077, 15195317, 15195605, 15195845, 15196133, 15196373, 15196661, 15196901, 15197141, 15197429, 15197669, 15197957, 15198197, 15198485, 15198725, 15199013, 15199253, 15199541, 15199781, 15200021, 15200309, 15200549, 15200837, 15201077, 15201365, 15201605, 15201893, 15202133, 15202421, 15202661, 15202901]"
0,40,Qwen/Qwen3-30B-A3B-Instruct-2507,1032,393,20727204493,27381255165,6654050672,12186082,49675539,16847895,"[18726923, 18727307, 18727691, 18728075, 18728459, 18728843, 18729275, 18729659, 18730043, 18730427, 18730811, 18731195, 18731579, 18731963, 18732347, 18732731, 18733115, 18733499, 18733883, 18734267, 18734651, 18735035, 18735419, 18735803, 18736235, 18736619, 18737003, 18737387, 18737771, 18738155, 18738539, 18738923, 18739307, 17454433, 16276063, 16276399, 16276687, 16277023, 34049768, 34106129, 18710363, 18710747, 18711131, 18711515, 18711899, 18712283, 18712667, 18713051, 18713435, 18713819, 18714203, 18714635, 18715019, 18715403, 18715787, 18716171, 18716555, 18716939, 18717323, 18717707, 18718091, 18718475, 18718859, 18719243, 18719627, 18720011, 18720395, 18720779, 18721163, 18721595, 18721979, 18722363, 18722747, 18723131, 18723515, 18723899, 18724283, 18724667, 18725051, 18725435, 18725819, 18726203, 18726587, 18726971, 18727355, 18727739, 18728123, 17449153, 17449537, 17449873, 17450257, 17450593, 17450977, 17451313, 17451697, 17452033, 17452417, 17452753, 17453137, 17453521, 17453857, 17454241, 17454577, 17454961, 17455297, 17455681, 17456017, 17456401, 17456737, 17457121, 17457457, 17457841, 17458177, 17458561, 17458897, 17459281, 17459617, 17460001, 17460337, 17460721, 17461057, 17461441, 17461777, 17462161, 17462497, 17462881, 17463265, 17463601, 17463985, 17464321, 17464705, 17465041, 17465425, 17465761, 17466145, 17466481, 17466865, 17467201, 17467585, 17467921, 17468305, 17468641, 17469025, 17469361, 17469745, 17470081, 17470465, 17470801, 17471185, 17471521, 17471905, 17472289, 17472625, 17473009, 17473345, 17473729, 17474065, 17474449, 17474785, 17475169, 17475505, 17475889, 17476225, 17476609, 17476945, 17477329, 17477665, 17478049, 17478385, 17478769, 17479105, 17479489, 17479825, 17480209, 17480545, 17480929, 17481265, 17481649, 17482033, 17482369, 17482753, 17483089, 17483473, 17483809, 17484193, 17484529, 17484913, 17485249, 17485633, 17485969, 17486353, 17486689, 17487073, 17487409, 17487793, 17488129, 17488513, 17488849, 17489233, 17489569, 17489953, 17490289, 17490673, 17491057, 17491393, 17491777, 17492113, 17492497, 17492833, 17493217, 17493553, 17493937, 17494273, 17494657, 17494993, 17495377, 17495713, 17496097, 17496433, 17496817, 17497153, 17497537, 16327903, 15174629, 15174917, 15175157, 15175445, 15175685, 15175973, 15176213, 15176501, 15176741, 15177029, 15177269, 15177509, 15177797, 15178037, 15178325, 15178565, 15178853, 15179093, 15179381, 15179621, 15179909, 15180149, 15180389, 15180677, 15180917, 15181205, 15181445, 15181733, 15181973, 15182261, 15182501, 15182789, 15183029, 15183269, 15183557, 15183797, 15184085, 15184325, 15184613, 15184853, 15185141, 15185381, 15185669, 15185909, 15186149, 15186437, 15186677, 15186965, 15187205, 15187493, 15187733, 15188021, 15188261, 15188549, 15188789, 15189029, 15189317, 15189557, 15189845, 15190085, 15190373, 15190613, 15190901, 15191141, 15191381, 15191669, 15191909, 15192197, 15192437, 15192725, 15192965, 15193253, 15193493, 15193781, 15194021, 15194261, 15194549, 15194789, 15195077, 15195317, 15195605, 15195845, 15196133, 15196373, 15196661, 15196901, 15197141, 15197429, 15197669, 15197957, 15198197, 15198485, 15198725, 15199013, 15199253, 15199541, 15199781, 15200021, 15200309, 15200549, 15200837, 15201077, 15201365, 15201605, 15201893, 15202133, 15202421, 15202661, 15202901, 14024449, 14024641, 14024881, 14025073, 14025313, 34145741, 15189029, 15189317, 15189557, 15189845, 15190085, 15190373, 15190613, 15190901, 15191141, 15191381, 15191669, 15191909, 15192197, 15192437, 15192725, 15192965, 15193253, 15193493, 15193781, 15194021, 15194261, 15194549, 15194789, 15195077, 15195317, 15195605, 15195845, 15196133, 15196373, 15196661, 15196901, 15197141, 15197429, 15197669, 15197957, 15198197, 15198485, 15198725, 15199013, 15199253, 15199541, 15199781, 15200021, 15200309, 15200549, 15200837, 15201077, 15201365, 15201605, 15201893, 15202133, 15202421, 15202661, 15202901]"
0,32,Qwen/Qwen3-30B-A3B-Instruct-2507,1146,490,18949331750,27409323647,8459991897,33658377,63918438,17169884,"[16324303, 16324591, 30275720, 17481457, 17481841, 17482177, 17482561, 17482897, 17483281, 17483665, 17484001, 17484385, 17484721, 17485105, 17485441, 17485825, 17486161, 30321937, 18750107, 18750491, 18750875, 18751259, 18751643, 18752027, 18752411, 18752795, 18753179, 18753563, 18753947, 18754331, 18754715, 18755099, 18755483, 18755867, 18756251, 18756635, 18757067, 18757451, 18757835, 18758219, 18758603, 18758987, 18759371, 18759755, 18760139, 18760523, 18760907, 18761291, 18761675, 18762059, 18762443, 18762827, 18763211, 18763595, 17482657, 17483041, 17483377, 17483761, 17484097, 17484481, 17484817, 30306865, 18739211, 17460433, 17460817, 17461153, 17461537, 17461873, 17462257, 17462593, 17462977, 17463313, 17463697, 17464033, 17464417, 17464753, 17465137, 17465473, 17465857, 17466193, 17466577, 17466913, 17467297, 17467633, 17468017, 17468353, 17468737, 17469121, 17469457, 17469841, 17470177, 17470561, 17470897, 17471281, 37489457, 18726923, 18727307, 18727691, 18728075, 18728459, 18728843, 18729275, 18729659, 18730043, 18730427, 18730811, 18731195, 18731579, 18731963, 18732347, 18732731, 18733115, 18733499, 18733883, 18734267, 18734651, 18735035, 18735419, 18735803, 18736235, 18736619, 18737003, 18737387, 18737771, 18738155, 18738539, 18738923, 18739307, 17454433, 16276063, 16276399, 16276687, 16277023, 34049768, 34106129, 18710363, 18710747, 18711131, 18711515, 18711899, 18712283, 18712667, 18713051, 18713435, 18713819, 18714203, 18714635, 18715019, 18715403, 18715787, 18716171, 18716555, 18716939, 18717323, 18717707, 18718091, 18718475, 18718859, 18719243, 18719627, 18720011, 18720395, 18720779, 18721163, 18721595, 18721979, 18722363, 18722747, 18723131, 18723515, 18723899, 18724283, 18724667, 18725051, 18725435, 18725819, 18726203, 18726587, 18726971, 18727355, 18727739, 18728123, 17449153, 17449537, 17449873, 17450257, 17450593, 17450977, 17451313, 17451697, 17452033, 17452417, 17452753, 17453137, 17453521, 17453857, 17454241, 17454577, 17454961, 17455297, 17455681, 17456017, 17456401, 17456737, 17457121, 17457457, 17457841, 17458177, 17458561, 17458897, 17459281, 17459617, 17460001, 17460337, 17460721, 17461057, 17461441, 17461777, 17462161, 17462497, 17462881, 17463265, 17463601, 17463985, 17464321, 17464705, 17465041, 17465425, 17465761, 17466145, 17466481, 17466865, 17467201, 17467585, 17467921, 17468305, 17468641, 17469025, 17469361, 17469745, 17470081, 17470465, 17470801, 17471185, 17471521, 17471905, 17472289, 17472625, 17473009, 17473345, 17473729, 17474065, 17474449, 17474785, 17475169, 17475505, 17475889, 17476225, 17476609, 17476945, 17477329, 17477665, 17478049, 17478385, 17478769, 17479105, 17479489, 17479825, 17480209, 17480545, 17480929, 17481265, 17481649, 17482033, 17482369, 17482753, 17483089, 17483473, 17483809, 17484193, 17484529, 17484913, 17485249, 17485633, 17485969, 17486353, 17486689, 17487073, 17487409, 17487793, 17488129, 17488513, 17488849, 17489233, 17489569, 17489953, 17490289, 17490673, 17491057, 17491393, 17491777, 17492113, 17492497, 17492833, 17493217, 17493553, 17493937, 17494273, 17494657, 17494993, 17495377, 17495713, 17496097, 17496433, 17496817, 17497153, 17497537, 16327903, 15174629, 15174917, 15175157, 15175445, 15175685, 15175973, 15176213, 15176501, 15176741, 15177029, 15177269, 15177509, 15177797, 15178037, 15178325, 15178565, 15178853, 15179093, 15179381, 15179621, 15179909, 15180149, 15180389, 15180677, 15180917, 15181205, 15181445, 15181733, 15181973, 15182261, 15182501, 15182789, 15183029, 15183269, 15183557, 15183797, 15184085, 15184325, 15184613, 15184853, 15185141, 15185381, 15185669, 15185909, 15186149, 15186437, 15186677, 15186965, 15187205, 15187493, 15187733, 15188021, 15188261, 15188549, 15188789, 15189029, 15189317, 15189557, 15189845, 15190085, 15190373, 15190613, 15190901, 15191141, 15191381, 15191669, 15191909, 15192197, 15192437, 15192725, 15192965, 15193253, 15193493, 15193781, 15194021, 15194261, 15194549, 15194789, 15195077, 15195317, 15195605, 15195845, 15196133, 15196373, 15196661, 15196901, 15197141, 15197429, 15197669, 15197957, 15198197, 15198485, 15198725, 15199013, 15199253, 15199541, 15199781, 15200021, 15200309, 15200549, 15200837, 15201077, 15201365, 15201605, 15201893, 15202133, 15202421, 15202661, 15202901, 14024449, 14024641, 14024881, 14025073, 14025313, 34145741, 15189029, 15189317, 15189557, 15189845, 15190085, 15190373, 15190613, 15190901, 15191141, 15191381, 15191669, 15191909, 15192197, 15192437, 15192725, 15192965, 15193253, 15193493, 15193781, 15194021, 15194261, 15194549, 15194789, 15195077, 15195317, 15195605, 15195845, 15196133, 15196373, 15196661, 15196901, 15197141, 15197429, 15197669, 15197957, 15198197, 15198485, 15198725, 15199013, 15199253, 15199541, 15199781, 15200021, 15200309, 15200549, 15200837, 15201077, 15201365, 15201605, 15201893, 15202133, 15202421, 15202661, 15202901, 14034145, 14034337]"
0,34,Qwen/Qwen3-30B-A3B-Instruct-2507,1146,490,19037483819,27447935969,8410452150,8415263,38690983,17120165,"[17481457, 17481841, 17482177, 17482561, 17482897, 17483281, 17483665, 17484001, 17484385, 17484721, 17485105, 17485441, 17485825, 17486161, 30321937, 18750107, 18750491, 18750875, 18751259, 18751643, 18752027, 18752411, 18752795, 18753179, 18753563, 18753947, 18754331, 18754715, 18755099, 18755483, 18755867, 18756251, 18756635, 18757067, 18757451, 18757835, 18758219, 18758603, 18758987, 18759371, 18759755, 18760139, 18760523, 18760907, 18761291, 18761675, 18762059, 18762443, 18762827, 18763211, 18763595, 17482657, 17483041, 17483377, 17483761, 17484097, 17484481, 17484817, 30306865, 18739211, 17460433, 17460817, 17461153, 17461537, 17461873, 17462257, 17462593, 17462977, 17463313, 17463697, 17464033, 17464417, 17464753, 17465137, 17465473, 17465857, 17466193, 17466577, 17466913, 17467297, 17467633, 17468017, 17468353, 17468737, 17469121, 17469457, 17469841, 17470177, 17470561, 17470897, 17471281, 37489457, 18726923, 18727307, 18727691, 18728075, 18728459, 18728843, 18729275, 18729659, 18730043, 18730427, 18730811, 18731195, 18731579, 18731963, 18732347, 18732731, 18733115, 18733499, 18733883, 18734267, 18734651, 18735035, 18735419, 18735803, 18736235, 18736619, 18737003, 18737387, 18737771, 18738155, 18738539, 18738923, 18739307, 17454433, 16276063, 16276399, 16276687, 16277023, 34049768, 34106129, 18710363, 18710747, 18711131, 18711515, 18711899, 18712283, 18712667, 18713051, 18713435, 18713819, 18714203, 18714635, 18715019, 18715403, 18715787, 18716171, 18716555, 18716939, 18717323, 18717707, 18718091, 18718475, 18718859, 18719243, 18719627, 18720011, 18720395, 18720779, 18721163, 18721595, 18721979, 18722363, 18722747, 18723131, 18723515, 18723899, 18724283, 18724667, 18725051, 18725435, 18725819, 18726203, 18726587, 18726971, 18727355, 18727739, 18728123, 17449153, 17449537, 17449873, 17450257, 17450593, 17450977, 17451313, 17451697, 17452033, 17452417, 17452753, 17453137, 17453521, 17453857, 17454241, 17454577, 17454961, 17455297, 17455681, 17456017, 17456401, 17456737, 17457121, 17457457, 17457841, 17458177, 17458561, 17458897, 17459281, 17459617, 17460001, 17460337, 17460721, 17461057, 17461441, 17461777, 17462161, 17462497, 17462881, 17463265, 17463601, 17463985, 17464321, 17464705, 17465041, 17465425, 17465761, 17466145, 17466481, 17466865, 17467201, 17467585, 17467921, 17468305, 17468641, 17469025, 17469361, 17469745, 17470081, 17470465, 17470801, 17471185, 17471521, 17471905, 17472289, 17472625, 17473009, 17473345, 17473729, 17474065, 17474449, 17474785, 17475169, 17475505, 17475889, 17476225, 17476609, 17476945, 17477329, 17477665, 17478049, 17478385, 17478769, 17479105, 17479489, 17479825, 17480209, 17480545, 17480929, 17481265, 17481649, 17482033, 17482369, 17482753, 17483089, 17483473, 17483809, 17484193, 17484529, 17484913, 17485249, 17485633, 17485969, 17486353, 17486689, 17487073, 17487409, 17487793, 17488129, 17488513, 17488849, 17489233, 17489569, 17489953, 17490289, 17490673, 17491057, 17491393, 17491777, 17492113, 17492497, 17492833, 17493217, 17493553, 17493937, 17494273, 17494657, 17494993, 17495377, 17495713, 17496097, 17496433, 17496817, 17497153, 17497537, 16327903, 15174629, 15174917, 15175157, 15175445, 15175685, 15175973, 15176213, 15176501, 15176741, 15177029, 15177269, 15177509, 15177797, 15178037, 15178325, 15178565, 15178853, 15179093, 15179381, 15179621, 15179909, 15180149, 15180389, 15180677, 15180917, 15181205, 15181445, 15181733, 15181973, 15182261, 15182501, 15182789, 15183029, 15183269, 15183557, 15183797, 15184085, 15184325, 15184613, 15184853, 15185141, 15185381, 15185669, 15185909, 15186149, 15186437, 15186677, 15186965, 15187205, 15187493, 15187733, 15188021, 15188261, 15188549, 15188789, 15189029, 15189317, 15189557, 15189845, 15190085, 15190373, 15190613, 15190901, 15191141, 15191381, 15191669, 15191909, 15192197, 15192437, 15192725, 15192965, 15193253, 15193493, 15193781, 15194021, 15194261, 15194549, 15194789, 15195077, 15195317, 15195605, 15195845, 15196133, 15196373, 15196661, 15196901, 15197141, 15197429, 15197669, 15197957, 15198197, 15198485, 15198725, 15199013, 15199253, 15199541, 15199781, 15200021, 15200309, 15200549, 15200837, 15201077, 15201365, 15201605, 15201893, 15202133, 15202421, 15202661, 15202901, 14024449, 14024641, 14024881, 14025073, 14025313, 34145741, 15189029, 15189317, 15189557, 15189845, 15190085, 15190373, 15190613, 15190901, 15191141, 15191381, 15191669, 15191909, 15192197, 15192437, 15192725, 15192965, 15193253, 15193493, 15193781, 15194021, 15194261, 15194549, 15194789, 15195077, 15195317, 15195605, 15195845, 15196133, 15196373, 15196661, 15196901, 15197141, 15197429, 15197669, 15197957, 15198197, 15198485, 15198725, 15199013, 15199253, 15199541, 15199781, 15200021, 15200309, 15200549, 15200837, 15201077, 15201365, 15201605, 15201893, 15202133, 15202421, 15202661, 15202901, 14034145, 14034337, 12870614, 12870758, 12870950]"
0,36,Qwen/Qwen3-30B-A3B-Instruct-2507,1146,490,19305287792,27736259549,8430971757,15660528,45982465,17147217,"[18750107, 18750491, 18750875, 18751259, 18751643, 18752027, 18752411, 18752795, 18753179, 18753563, 18753947, 18754331, 18754715, 18755099, 18755483, 18755867, 18756251, 18756635, 18757067, 18757451, 18757835, 18758219, 18758603, 18758987, 18759371, 18759755, 18760139, 18760523, 18760907, 18761291, 18761675, 18762059, 18762443, 18762827, 18763211, 18763595, 17482657, 17483041, 17483377, 17483761, 17484097, 17484481, 17484817, 30306865, 18739211, 17460433, 17460817, 17461153, 17461537, 17461873, 17462257, 17462593, 17462977, 17463313, 17463697, 17464033, 17464417, 17464753, 17465137, 17465473, 17465857, 17466193, 17466577, 17466913, 17467297, 17467633, 17468017, 17468353, 17468737, 17469121, 17469457, 17469841, 17470177, 17470561, 17470897, 17471281, 37489457, 18726923, 18727307, 18727691, 18728075, 18728459, 18728843, 18729275, 18729659, 18730043, 18730427, 18730811, 18731195, 18731579, 18731963, 18732347, 18732731, 18733115, 18733499, 18733883, 18734267, 18734651, 18735035, 18735419, 18735803, 18736235, 18736619, 18737003, 18737387, 18737771, 18738155, 18738539, 18738923, 18739307, 17454433, 16276063, 16276399, 16276687, 16277023, 34049768, 34106129, 18710363, 18710747, 18711131, 18711515, 18711899, 18712283, 18712667, 18713051, 18713435, 18713819, 18714203, 18714635, 18715019, 18715403, 18715787, 18716171, 18716555, 18716939, 18717323, 18717707, 18718091, 18718475, 18718859, 18719243, 18719627, 18720011, 18720395, 18720779, 18721163, 18721595, 18721979, 18722363, 18722747, 18723131, 18723515, 18723899, 18724283, 18724667, 18725051, 18725435, 18725819, 18726203, 18726587, 18726971, 18727355, 18727739, 18728123, 17449153, 17449537, 17449873, 17450257, 17450593, 17450977, 17451313, 17451697, 17452033, 17452417, 17452753, 17453137, 17453521, 17453857, 17454241, 17454577, 17454961, 17455297, 17455681, 17456017, 17456401, 17456737, 17457121, 17457457, 17457841, 17458177, 17458561, 17458897, 17459281, 17459617, 17460001, 17460337, 17460721, 17461057, 17461441, 17461777, 17462161, 17462497, 17462881, 17463265, 17463601, 17463985, 17464321, 17464705, 17465041, 17465425, 17465761, 17466145, 17466481, 17466865, 17467201, 17467585, 17467921, 17468305, 17468641, 17469025, 17469361, 17469745, 17470081, 17470465, 17470801, 17471185, 17471521, 17471905, 17472289, 17472625, 17473009, 17473345, 17473729, 17474065, 17474449, 17474785, 17475169, 17475505, 17475889, 17476225, 17476609, 17476945, 17477329, 17477665, 17478049, 17478385, 17478769, 17479105, 17479489, 17479825, 17480209, 17480545, 17480929, 17481265, 17481649, 17482033, 17482369, 17482753, 17483089, 17483473, 17483809, 17484193, 17484529, 17484913, 17485249, 17485633, 17485969, 17486353, 17486689, 17487073, 17487409, 17487793, 17488129, 17488513, 17488849, 17489233, 17489569, 17489953, 17490289, 17490673, 17491057, 17491393, 17491777, 17492113, 17492497, 17492833, 17493217, 17493553, 17493937, 17494273, 17494657, 17494993, 17495377, 17495713, 17496097, 17496433, 17496817, 17497153, 17497537, 16327903, 15174629, 15174917, 15175157, 15175445, 15175685, 15175973, 15176213, 15176501, 15176741, 15177029, 15177269, 15177509, 15177797, 15178037, 15178325, 15178565, 15178853, 15179093, 15179381, 15179621, 15179909, 15180149, 15180389, 15180677, 15180917, 15181205, 15181445, 15181733, 15181973, 15182261, 15182501, 15182789, 15183029, 15183269, 15183557, 15183797, 15184085, 15184325, 15184613, 15184853, 15185141, 15185381, 15185669, 15185909, 15186149, 15186437, 15186677, 15186965, 15187205, 15187493, 15187733, 15188021, 15188261, 15188549, 15188789, 15189029, 15189317, 15189557, 15189845, 15190085, 15190373, 15190613, 15190901, 15191141, 15191381, 15191669, 15191909, 15192197, 15192437, 15192725, 15192965, 15193253, 15193493, 15193781, 15194021, 15194261, 15194549, 15194789, 15195077, 15195317, 15195605, 15195845, 15196133, 15196373, 15196661, 15196901, 15197141, 15197429, 15197669, 15197957, 15198197, 15198485, 15198725, 15199013, 15199253, 15199541, 15199781, 15200021, 15200309, 15200549, 15200837, 15201077, 15201365, 15201605, 15201893, 15202133, 15202421, 15202661, 15202901, 14024449, 14024641, 14024881, 14025073, 14025313, 34145741, 15189029, 15189317, 15189557, 15189845, 15190085, 15190373, 15190613, 15190901, 15191141, 15191381, 15191669, 15191909, 15192197, 15192437, 15192725, 15192965, 15193253, 15193493, 15193781, 15194021, 15194261, 15194549, 15194789, 15195077, 15195317, 15195605, 15195845, 15196133, 15196373, 15196661, 15196901, 15197141, 15197429, 15197669, 15197957, 15198197, 15198485, 15198725, 15199013, 15199253, 15199541, 15199781, 15200021, 15200309, 15200549, 15200837, 15201077, 15201365, 15201605, 15201893, 15202133, 15202421, 15202661, 15202901, 14034145, 14034337, 12870614, 12870758, 12870950, 38256532, 34036767, 34055309, 15163157, 15163397, 15163685, 15163925, 15164165, 15164453, 15164693, 15164981, 15165221, 15165509, 15165749, 15166037]"
0,41,Qwen/Qwen3-30B-A3B-Instruct-2507,1161,17,27446005801,27764237263,318231462,1930168,40186700,17377797,"[34036767, 34055309, 15163157, 15163397, 15163685, 15163925, 15164165, 15164453, 15164693, 15164981, 15165221, 15165509, 15165749, 15166037, 13988737, 13988977]"
0,38,Qwen/Qwen3-30B-A3B-Instruct-2507,1146,490,20146978533,28368719718,8221741185,1924591,32231456,16747463,"[18739211, 17460433, 17460817, 17461153, 17461537, 17461873, 17462257, 17462593, 17462977, 17463313, 17463697, 17464033, 17464417, 17464753, 17465137, 17465473, 17465857, 17466193, 17466577, 17466913, 17467297, 17467633, 17468017, 17468353, 17468737, 17469121, 17469457, 17469841, 17470177, 17470561, 17470897, 17471281, 37489457, 18726923, 18727307, 18727691, 18728075, 18728459, 18728843, 18729275, 18729659, 18730043, 18730427, 18730811, 18731195, 18731579, 18731963, 18732347, 18732731, 18733115, 18733499, 18733883, 18734267, 18734651, 18735035, 18735419, 18735803, 18736235, 18736619, 18737003, 18737387, 18737771, 18738155, 18738539, 18738923, 18739307, 17454433, 16276063, 16276399, 16276687, 16277023, 34049768, 34106129, 18710363, 18710747, 18711131, 18711515, 18711899, 18712283, 18712667, 18713051, 18713435, 18713819, 18714203, 18714635, 18715019, 18715403, 18715787, 18716171, 18716555, 18716939, 18717323, 18717707, 18718091, 18718475, 18718859, 18719243, 18719627, 18720011, 18720395, 18720779, 18721163, 18721595, 18721979, 18722363, 18722747, 18723131, 18723515, 18723899, 18724283, 18724667, 18725051, 18725435, 18725819, 18726203, 18726587, 18726971, 18727355, 18727739, 18728123, 17449153, 17449537, 17449873, 17450257, 17450593, 17450977, 17451313, 17451697, 17452033, 17452417, 17452753, 17453137, 17453521, 17453857, 17454241, 17454577, 17454961, 17455297, 17455681, 17456017, 17456401, 17456737, 17457121, 17457457, 17457841, 17458177, 17458561, 17458897, 17459281, 17459617, 17460001, 17460337, 17460721, 17461057, 17461441, 17461777, 17462161, 17462497, 17462881, 17463265, 17463601, 17463985, 17464321, 17464705, 17465041, 17465425, 17465761, 17466145, 17466481, 17466865, 17467201, 17467585, 17467921, 17468305, 17468641, 17469025, 17469361, 17469745, 17470081, 17470465, 17470801, 17471185, 17471521, 17471905, 17472289, 17472625, 17473009, 17473345, 17473729, 17474065, 17474449, 17474785, 17475169, 17475505, 17475889, 17476225, 17476609, 17476945, 17477329, 17477665, 17478049, 17478385, 17478769, 17479105, 17479489, 17479825, 17480209, 17480545, 17480929, 17481265, 17481649, 17482033, 17482369, 17482753, 17483089, 17483473, 17483809, 17484193, 17484529, 17484913, 17485249, 17485633, 17485969, 17486353, 17486689, 17487073, 17487409, 17487793, 17488129, 17488513, 17488849, 17489233, 17489569, 17489953, 17490289, 17490673, 17491057, 17491393, 17491777, 17492113, 17492497, 17492833, 17493217, 17493553, 17493937, 17494273, 17494657, 17494993, 17495377, 17495713, 17496097, 17496433, 17496817, 17497153, 17497537, 16327903, 15174629, 15174917, 15175157, 15175445, 15175685, 15175973, 15176213, 15176501, 15176741, 15177029, 15177269, 15177509, 15177797, 15178037, 15178325, 15178565, 15178853, 15179093, 15179381, 15179621, 15179909, 15180149, 15180389, 15180677, 15180917, 15181205, 15181445, 15181733, 15181973, 15182261, 15182501, 15182789, 15183029, 15183269, 15183557, 15183797, 15184085, 15184325, 15184613, 15184853, 15185141, 15185381, 15185669, 15185909, 15186149, 15186437, 15186677, 15186965, 15187205, 15187493, 15187733, 15188021, 15188261, 15188549, 15188789, 15189029, 15189317, 15189557, 15189845, 15190085, 15190373, 15190613, 15190901, 15191141, 15191381, 15191669, 15191909, 15192197, 15192437, 15192725, 15192965, 15193253, 15193493, 15193781, 15194021, 15194261, 15194549, 15194789, 15195077, 15195317, 15195605, 15195845, 15196133, 15196373, 15196661, 15196901, 15197141, 15197429, 15197669, 15197957, 15198197, 15198485, 15198725, 15199013, 15199253, 15199541, 15199781, 15200021, 15200309, 15200549, 15200837, 15201077, 15201365, 15201605, 15201893, 15202133, 15202421, 15202661, 15202901, 14024449, 14024641, 14024881, 14025073, 14025313, 34145741, 15189029, 15189317, 15189557, 15189845, 15190085, 15190373, 15190613, 15190901, 15191141, 15191381, 15191669, 15191909, 15192197, 15192437, 15192725, 15192965, 15193253, 15193493, 15193781, 15194021, 15194261, 15194549, 15194789, 15195077, 15195317, 15195605, 15195845, 15196133, 15196373, 15196661, 15196901, 15197141, 15197429, 15197669, 15197957, 15198197, 15198485, 15198725, 15199013, 15199253, 15199541, 15199781, 15200021, 15200309, 15200549, 15200837, 15201077, 15201365, 15201605, 15201893, 15202133, 15202421, 15202661, 15202901, 14034145, 14034337, 12870614, 12870758, 12870950, 38256532, 34036767, 34055309, 15163157, 15163397, 15163685, 15163925, 15164165, 15164453, 15164693, 15164981, 15165221, 15165509, 15165749, 15166037, 13988737, 13988977, 12852086, 12852278, 12852422, 34007007, 13993921, 13994161, 13994353, 13994593, 13994785, 13994977, 13995217, 13995409, 13995649, 13995841, 13996033, 13996273, 13996465, 13996705, 13996897, 13997137, 13997329, 13997521, 13997761, 13997953, 13998193, 13998385, 13998625, 13998817, 13999009, 13999249, 13999441, 13999681, 13999873, 14000065, 14000305, 14000497, 14000737, 14000929, 14001169, 14001361, 14001553, 14001793]"
0,31,Qwen/Qwen3-30B-A3B-Instruct-2507,1278,184,26522822007,29291182243,2768360236,3704251,37849992,14920821,"[15189029, 15189317, 15189557, 15189845, 15190085, 15190373, 15190613, 15190901, 15191141, 15191381, 15191669, 15191909, 15192197, 15192437, 15192725, 15192965, 15193253, 15193493, 15193781, 15194021, 15194261, 15194549, 15194789, 15195077, 15195317, 15195605, 15195845, 15196133, 15196373, 15196661, 15196901, 15197141, 15197429, 15197669, 15197957, 15198197, 15198485, 15198725, 15199013, 15199253, 15199541, 15199781, 15200021, 15200309, 15200549, 15200837, 15201077, 15201365, 15201605, 15201893, 15202133, 15202421, 15202661, 15202901, 14034145, 14034337, 12870614, 12870758, 12870950, 38256532, 34036767, 34055309, 15163157, 15163397, 15163685, 15163925, 15164165, 15164453, 15164693, 15164981, 15165221, 15165509, 15165749, 15166037, 13988737, 13988977, 12852086, 12852278, 12852422, 34007007, 13993921, 13994161, 13994353, 13994593, 13994785, 13994977, 13995217, 13995409, 13995649, 13995841, 13996033, 13996273, 13996465, 13996705, 13996897, 13997137, 13997329, 13997521, 13997761, 13997953, 13998193, 13998385, 13998625, 13998817, 13999009, 13999249, 13999441, 13999681, 13999873, 14000065, 14000305, 14000497, 14000737, 14000929, 14001169, 14001361, 14001553, 14001793, 12837206, 12837350, 12837494, 12837686, 12837830, 12838022, 33969183, 13984753, 13984993, 13985185, 13985425, 13985617, 13985857, 13986049, 13986241, 13986481, 13986673, 13986913, 13987105, 13987345, 13987537, 13987729, 13987969, 13988161, 13988401, 13988593, 13988785, 13989025, 13989217, 13989457, 13989649, 13989889, 13990081, 13990273, 13990513, 13990705, 13990945, 13991137, 13991377, 13991569, 13991761, 13992001, 13992193, 13992433, 13992625, 13992817, 13993057, 13993249, 13993489, 13993681, 13993921, 13994113, 13994305, 13994545, 13994737, 13994977, 13995169, 13995409, 13995601, 13995793, 13996033, 13996225, 13996465, 13996657, 13996849]"
0,33,Qwen/Qwen3-30B-A3B-Instruct-2507,1278,184,27475743753,30074780241,2599036488,10448748,44485515,13959294,"[34055309, 15163157, 15163397, 15163685, 15163925, 15164165, 15164453, 15164693, 15164981, 15165221, 15165509, 15165749, 15166037, 13988737, 13988977, 12852086, 12852278, 12852422, 34007007, 13993921, 13994161, 13994353, 13994593, 13994785, 13994977, 13995217, 13995409, 13995649, 13995841, 13996033, 13996273, 13996465, 13996705, 13996897, 13997137, 13997329, 13997521, 13997761, 13997953, 13998193, 13998385, 13998625, 13998817, 13999009, 13999249, 13999441, 13999681, 13999873, 14000065, 14000305, 14000497, 14000737, 14000929, 14001169, 14001361, 14001553, 14001793, 12837206, 12837350, 12837494, 12837686, 12837830, 12838022, 33969183, 13984753, 13984993, 13985185, 13985425, 13985617, 13985857, 13986049, 13986241, 13986481, 13986673, 13986913, 13987105, 13987345, 13987537, 13987729, 13987969, 13988161, 13988401, 13988593, 13988785, 13989025, 13989217, 13989457, 13989649, 13989889, 13990081, 13990273, 13990513, 13990705, 13990945, 13991137, 13991377, 13991569, 13991761, 13992001, 13992193, 13992433, 13992625, 13992817, 13993057, 13993249, 13993489, 13993681, 13993921, 13994113, 13994305, 13994545, 13994737, 13994977, 13995169, 13995409, 13995601, 13995793, 13996033, 13996225, 13996465, 13996657, 13996849, 12840998, 12841142, 12841334, 12841478, 12841622, 12841814, 12841958, 12842150, 12842294, 12842438, 12842630, 12842774, 12842918, 12843110, 12843254, 12843446, 12843590, 12843734, 12843926, 12844070, 12844262, 12844406, 12844550, 12844742, 12844886, 12845078, 12845222, 12845366, 12845558, 12845702, 12845846, 12846038, 12846182, 12846374, 12846518, 12846662, 12846854, 12846998, 12847190, 12847334, 12847478, 12847670, 12847814, 12848006, 12848150, 12848294, 12848486, 12848630, 12848774, 12848966, 12849110, 12849302, 12849446, 12849590, 12849782, 12849926, 12850118, 12850262, 12850406, 12850598, 12850742]"
0,35,Qwen/Qwen3-30B-A3B-Instruct-2507,1278,184,27514356075,30085662359,2571306284,5873193,39928502,13832665,"[15163157, 15163397, 15163685, 15163925, 15164165, 15164453, 15164693, 15164981, 15165221, 15165509, 15165749, 15166037, 13988737, 13988977, 12852086, 12852278, 12852422, 34007007, 13993921, 13994161, 13994353, 13994593, 13994785, 13994977, 13995217, 13995409, 13995649, 13995841, 13996033, 13996273, 13996465, 13996705, 13996897, 13997137, 13997329, 13997521, 13997761, 13997953, 13998193, 13998385, 13998625, 13998817, 13999009, 13999249, 13999441, 13999681, 13999873, 14000065, 14000305, 14000497, 14000737, 14000929, 14001169, 14001361, 14001553, 14001793, 12837206, 12837350, 12837494, 12837686, 12837830, 12838022, 33969183, 13984753, 13984993, 13985185, 13985425, 13985617, 13985857, 13986049, 13986241, 13986481, 13986673, 13986913, 13987105, 13987345, 13987537, 13987729, 13987969, 13988161, 13988401, 13988593, 13988785, 13989025, 13989217, 13989457, 13989649, 13989889, 13990081, 13990273, 13990513, 13990705, 13990945, 13991137, 13991377, 13991569, 13991761, 13992001, 13992193, 13992433, 13992625, 13992817, 13993057, 13993249, 13993489, 13993681, 13993921, 13994113, 13994305, 13994545, 13994737, 13994977, 13995169, 13995409, 13995601, 13995793, 13996033, 13996225, 13996465, 13996657, 13996849, 12840998, 12841142, 12841334, 12841478, 12841622, 12841814, 12841958, 12842150, 12842294, 12842438, 12842630, 12842774, 12842918, 12843110, 12843254, 12843446, 12843590, 12843734, 12843926, 12844070, 12844262, 12844406, 12844550, 12844742, 12844886, 12845078, 12845222, 12845366, 12845558, 12845702, 12845846, 12846038, 12846182, 12846374, 12846518, 12846662, 12846854, 12846998, 12847190, 12847334, 12847478, 12847670, 12847814, 12848006, 12848150, 12848294, 12848486, 12848630, 12848774, 12848966, 12849110, 12849302, 12849446, 12849590, 12849782, 12849926, 12850118, 12850262, 12850406, 12850598, 12850742, 10882118]"
0,37,Qwen/Qwen3-30B-A3B-Instruct-2507,1278,184,27802679655,30246503339,2443823684,114394,34121401,13167772,"[13993921, 13994161, 13994353, 13994593, 13994785, 13994977, 13995217, 13995409, 13995649, 13995841, 13996033, 13996273, 13996465, 13996705, 13996897, 13997137, 13997329, 13997521, 13997761, 13997953, 13998193, 13998385, 13998625, 13998817, 13999009, 13999249, 13999441, 13999681, 13999873, 14000065, 14000305, 14000497, 14000737, 14000929, 14001169, 14001361, 14001553, 14001793, 12837206, 12837350, 12837494, 12837686, 12837830, 12838022, 33969183, 13984753, 13984993, 13985185, 13985425, 13985617, 13985857, 13986049, 13986241, 13986481, 13986673, 13986913, 13987105, 13987345, 13987537, 13987729, 13987969, 13988161, 13988401, 13988593, 13988785, 13989025, 13989217, 13989457, 13989649, 13989889, 13990081, 13990273, 13990513, 13990705, 13990945, 13991137, 13991377, 13991569, 13991761, 13992001, 13992193, 13992433, 13992625, 13992817, 13993057, 13993249, 13993489, 13993681, 13993921, 13994113, 13994305, 13994545, 13994737, 13994977, 13995169, 13995409, 13995601, 13995793, 13996033, 13996225, 13996465, 13996657, 13996849, 12840998, 12841142, 12841334, 12841478, 12841622, 12841814, 12841958, 12842150, 12842294, 12842438, 12842630, 12842774, 12842918, 12843110, 12843254, 12843446, 12843590, 12843734, 12843926, 12844070, 12844262, 12844406, 12844550, 12844742, 12844886, 12845078, 12845222, 12845366, 12845558, 12845702, 12845846, 12846038, 12846182, 12846374, 12846518, 12846662, 12846854, 12846998, 12847190, 12847334, 12847478, 12847670, 12847814, 12848006, 12848150, 12848294, 12848486, 12848630, 12848774, 12848966, 12849110, 12849302, 12849446, 12849590, 12849782, 12849926, 12850118, 12850262, 12850406, 12850598, 12850742, 10882118, 8934794, 8934890, 8934986, 8935082, 8935178, 8935274, 8935370, 8935466, 8935562, 8935658, 8935754, 8935850, 8935946, 8936042, 8936138, 8936234, 8936330, 8936426]"
0,39,Qwen/Qwen3-30B-A3B-Instruct-2507,1278,184,28435139824,30655029001,2219889177,10605482,44574665,11886964,"[13984753, 13984993, 13985185, 13985425, 13985617, 13985857, 13986049, 13986241, 13986481, 13986673, 13986913, 13987105, 13987345, 13987537, 13987729, 13987969, 13988161, 13988401, 13988593, 13988785, 13989025, 13989217, 13989457, 13989649, 13989889, 13990081, 13990273, 13990513, 13990705, 13990945, 13991137, 13991377, 13991569, 13991761, 13992001, 13992193, 13992433, 13992625, 13992817, 13993057, 13993249, 13993489, 13993681, 13993921, 13994113, 13994305, 13994545, 13994737, 13994977, 13995169, 13995409, 13995601, 13995793, 13996033, 13996225, 13996465, 13996657, 13996849, 12840998, 12841142, 12841334, 12841478, 12841622, 12841814, 12841958, 12842150, 12842294, 12842438, 12842630, 12842774, 12842918, 12843110, 12843254, 12843446, 12843590, 12843734, 12843926, 12844070, 12844262, 12844406, 12844550, 12844742, 12844886, 12845078, 12845222, 12845366, 12845558, 12845702, 12845846, 12846038, 12846182, 12846374, 12846518, 12846662, 12846854, 12846998, 12847190, 12847334, 12847478, 12847670, 12847814, 12848006, 12848150, 12848294, 12848486, 12848630, 12848774, 12848966, 12849110, 12849302, 12849446, 12849590, 12849782, 12849926, 12850118, 12850262, 12850406, 12850598, 12850742, 10882118, 8934794, 8934890, 8934986, 8935082, 8935178, 8935274, 8935370, 8935466, 8935562, 8935658, 8935754, 8935850, 8935946, 8936042, 8936138, 8936234, 8936330, 8936426, 8187254, 8187302, 8187350, 8187446, 8187494, 8187542, 8187638, 8187686, 8187734, 8187782, 8187878, 8187926, 8187974, 8188022, 8188118, 8188166, 8188214, 8188310, 8188358, 8188406, 30535414, 8925338, 8925434, 8925530, 8925626, 8925674, 8925770, 8925866, 8925962, 8926058, 8926154, 8926250, 8926346, 8926442, 8926538, 8926634, 8926730, 8926826, 8926922, 8927018, 8927114, 8927210, 8927306, 8927402, 8927498]"
0,42,Qwen/Qwen3-30B-A3B-Instruct-2507,1032,393,30403419519,35158876409,4755456890,6840420,37375834,12035921,"[8925338, 8925434, 8925530, 8925626, 8925674, 8925770, 8925866, 8925962, 8926058, 8926154, 8926250, 8926346, 8926442, 8926538, 8926634, 8926730, 8926826, 8926922, 8927018, 8927114, 8927210, 8927306, 8927402, 8927498, 8157638, 8157782, 8157926, 8158022, 8158166, 8158310, 8158454, 8158598, 8158742, 8158886, 8159030, 8159174, 8159318, 8159462, 8159606, 8159702, 8159846, 8159990, 8160134, 8160278, 8160422, 8160566, 8160710, 8160854, 8160998, 8161142, 8161286, 8161382, 8161526, 8161670, 8161814, 8161958, 8162102, 8162246, 8162390, 8162534, 8162678, 8162822, 8162918, 8163062, 8163206, 8163350, 8163494, 8163638, 8163782, 8163926, 8164070, 8164214, 8164358, 8164502, 8164598, 8164742, 8164886, 8165030, 8165174, 8165318, 8165462, 8165606, 8165750, 8165894, 8166038, 8166182, 8166278, 8166422, 8166566, 8166710, 8166854, 8166998, 8167142, 8167286, 8167430, 8167574, 8167718, 8167814, 8167958, 8168102, 8168246, 8168390, 8168534, 8168678, 8168822, 8168966, 8169110, 8169254, 8169398, 8169494, 8169638, 8169782, 8169926, 8170070, 8170214, 8170358, 8170502, 8170646, 8170790, 8170934, 8171078, 8171126, 8171174, 8171222, 8171318, 8171366, 8171414, 8171462, 8171558, 8171606, 8171654, 8171750, 8171798, 8171846, 8171894, 8171990, 8172038, 8172086, 8172182, 8172230, 8172278, 8172326, 8172422, 8172470, 8172518, 8172566, 8172662, 8172710, 8172758, 8172854, 8172902, 8172950, 8172998, 8173094, 8173142, 8173190, 8173286, 8173334, 8173382, 8173430, 8173526, 8173574, 8173622, 8173670, 8173766, 8173814, 8173862, 8173958, 8174006, 30314374, 8906762, 30309004, 10834502, 10834742, 10835030, 30354950, 12786278, 12786566, 12786902, 12787238, 12787574, 12787862, 12788198, 12788534, 12788822, 12789206, 12789494, 12789830, 12790166, 12790454, 12790790, 12791126, 12791414, 12791750, 12792038, 12792422, 12792710, 12793046, 12793382, 12793670, 12794006, 12794342, 12794678, 12794966, 12795302, 12795638, 12795926, 12796262, 12796598, 12796934, 12797222, 12797558, 12797894, 12798182, 12798518, 12798854, 12799142, 12799478, 12799814, 12800150, 12800438, 12800774, 12801110, 12801446, 12801782, 12802070, 12802406, 12802694, 12803030, 12803366, 12803654, 12804038, 12804326, 12804614, 12804998, 30450859, 13933585, 13933969, 13934353, 13934785, 13935121, 30490121, 15087701, 15088085, 15088469, 15088901, 15089333, 15089717, 15090101, 15090533, 15090965, 15091349, 15091733, 15092165, 15092597, 15092981, 15093365, 15093797, 15094229, 15094613, 15095045, 15095429, 15095861, 15096245, 15096677, 15097061, 15097493, 15097877, 15098309, 15098693, 15099125, 15099509, 15099941, 15100325, 15100757, 15101141, 15101573, 15101957, 15102389, 15102773, 15103205, 15103589, 15104021, 15104405, 15104837, 15105221, 15105653, 15105893, 15106133, 15106421, 15106661, 15106949, 15107189, 15107477, 15107717, 15108005, 15108245, 15108485, 15108773, 15109013, 15109301, 15109541, 15109829, 15110069, 15110357, 15110597, 15110885, 15111125, 15111365, 15111653, 15111893, 15112181, 15112421, 15112709, 15112949, 15113237, 15113477, 15113765, 15114005, 15114245, 15114533, 15114773, 15115061, 15115301, 15115589, 15115829, 15116117, 15116357, 15116645, 15116885, 15117125, 15117413, 15117653, 15117941, 15118181, 15118469, 15118709, 15118997, 15119237, 15119525, 15119765, 15120005, 15120293, 15120533, 15120821, 15121061, 15121349, 15121589, 15121877, 15122117, 15122405, 15122645, 15122885, 15123173, 15123413, 15123701, 15123941, 15124229, 15124469, 15124757, 15124997, 15125285, 15125525, 15125765, 15126053, 15126293, 15126581, 15126821, 15127109, 15127349, 15127637, 15127877, 15128165, 15128405, 30660360, 16260895, 16261231, 16261519, 16261855, 16262143, 16262479, 16262767, 16263103, 16263391, 16263727, 16264015, 16264351, 16264639, 16264975, 16265263, 16265599, 16265887]"
0,43,Qwen/Qwen3-30B-A3B-Instruct-2507,1161,17,35223627045,35528299521,304672476,10835901,44558060,16257151,"[16254799, 16255135, 16255423, 16255759, 16256047, 16256383, 16256671, 16257007, 16257295, 16257631, 16257919, 16258255, 16258543, 16258879, 16259167, 16259503]"
0,44,Qwen/Qwen3-30B-A3B-Instruct-2507,1032,393,31836805892,37939961062,6103155170,2446939,32761313,15485698,"[8906762, 30309004, 10834502, 10834742, 10835030, 30354950, 12786278, 12786566, 12786902, 12787238, 12787574, 12787862, 12788198, 12788534, 12788822, 12789206, 12789494, 12789830, 12790166, 12790454, 12790790, 12791126, 12791414, 12791750, 12792038, 12792422, 12792710, 12793046, 12793382, 12793670, 12794006, 12794342, 12794678, 12794966, 12795302, 12795638, 12795926, 12796262, 12796598, 12796934, 12797222, 12797558, 12797894, 12798182, 12798518, 12798854, 12799142, 12799478, 12799814, 12800150, 12800438, 12800774, 12801110, 12801446, 12801782, 12802070, 12802406, 12802694, 12803030, 12803366, 12803654, 12804038, 12804326, 12804614, 12804998, 30450859, 13933585, 13933969, 13934353, 13934785, 13935121, 30490121, 15087701, 15088085, 15088469, 15088901, 15089333, 15089717, 15090101, 15090533, 15090965, 15091349, 15091733, 15092165, 15092597, 15092981, 15093365, 15093797, 15094229, 15094613, 15095045, 15095429, 15095861, 15096245, 15096677, 15097061, 15097493, 15097877, 15098309, 15098693, 15099125, 15099509, 15099941, 15100325, 15100757, 15101141, 15101573, 15101957, 15102389, 15102773, 15103205, 15103589, 15104021, 15104405, 15104837, 15105221, 15105653, 15105893, 15106133, 15106421, 15106661, 15106949, 15107189, 15107477, 15107717, 15108005, 15108245, 15108485, 15108773, 15109013, 15109301, 15109541, 15109829, 15110069, 15110357, 15110597, 15110885, 15111125, 15111365, 15111653, 15111893, 15112181, 15112421, 15112709, 15112949, 15113237, 15113477, 15113765, 15114005, 15114245, 15114533, 15114773, 15115061, 15115301, 15115589, 15115829, 15116117, 15116357, 15116645, 15116885, 15117125, 15117413, 15117653, 15117941, 15118181, 15118469, 15118709, 15118997, 15119237, 15119525, 15119765, 15120005, 15120293, 15120533, 15120821, 15121061, 15121349, 15121589, 15121877, 15122117, 15122405, 15122645, 15122885, 15123173, 15123413, 15123701, 15123941, 15124229, 15124469, 15124757, 15124997, 15125285, 15125525, 15125765, 15126053, 15126293, 15126581, 15126821, 15127109, 15127349, 15127637, 15127877, 15128165, 15128405, 30660360, 16260895, 16261231, 16261519, 16261855, 16262143, 16262479, 16262767, 16263103, 16263391, 16263727, 16264015, 16264351, 16264639, 16264975, 16265263, 16265599, 16265887, 15116789, 15117029, 15117317, 15117557, 15117845, 33722159, 16254799, 16255135, 16255423, 16255759, 16256047, 16256383, 16256671, 16257007, 16257295, 16257631, 16257919, 16258255, 16258543, 16258879, 16259167, 16259503, 15122549, 15122789, 15123077, 15123317, 15123605, 15123845, 15124133, 15124373, 15124661, 15124901, 15125189, 15125429, 15125669, 15125957, 34859396, 16258111, 16258447, 16258735, 16259071, 16259359, 16259695, 16259983, 16260319, 16260607, 16260943, 16261231, 16261519, 16261855, 16262143, 16262479, 16262767, 16263103, 16263391, 16263727, 16264015, 16264351, 16264639, 16264975, 16265263, 16265599, 16265887, 16266223, 16266511, 16266847, 16267135, 16267471, 16267759, 16268095, 16268383, 16268719, 16269007, 16269343, 16269631, 16269967, 16270255, 16270591, 16270879, 16271215, 16271503, 16271839, 16272127, 16272463, 16272751, 16273039, 16273375, 16273663, 16273999, 16274287, 16274623, 16274911, 16275247, 16275535, 16275871, 16276159, 16276495, 16276783, 16277119, 16277407, 16277743, 16278031, 16278367, 16278655, 16278991, 16279279, 16279615, 16279903, 16280239, 16280527, 16280863, 16281151, 16281487, 16281775, 16282111, 16282399, 16282735, 16283023, 16283359, 16283647, 16283983, 16284271, 16284559, 16284895, 16285183, 16285519, 16285807, 16286143, 16286431, 16286767, 16287055, 16287391, 16287679, 16288015, 16288303, 16288639, 16288927, 16289263, 16289551, 16289887, 16290175, 16290511, 16290799, 16291135, 16291423, 16291759, 16292047, 16292383, 16292671, 16293007, 16293295, 16293631, 16293919, 16294255, 16294543, 16294879, 16295167, 16295503, 16295791, 16296079, 16296415, 16296703, 16297039, 16297327, 16297663, 16297951, 16298287, 16298575, 16298911, 16299199]"
0,46,Qwen/Qwen3-30B-A3B-Instruct-2507,1032,393,31873919945,37970257760,6096337815,4554022,34863026,15462945,"[10834502, 10834742, 10835030, 30354950, 12786278, 12786566, 12786902, 12787238, 12787574, 12787862, 12788198, 12788534, 12788822, 12789206, 12789494, 12789830, 12790166, 12790454, 12790790, 12791126, 12791414, 12791750, 12792038, 12792422, 12792710, 12793046, 12793382, 12793670, 12794006, 12794342, 12794678, 12794966, 12795302, 12795638, 12795926, 12796262, 12796598, 12796934, 12797222, 12797558, 12797894, 12798182, 12798518, 12798854, 12799142, 12799478, 12799814, 12800150, 12800438, 12800774, 12801110, 12801446, 12801782, 12802070, 12802406, 12802694, 12803030, 12803366, 12803654, 12804038, 12804326, 12804614, 12804998, 30450859, 13933585, 13933969, 13934353, 13934785, 13935121, 30490121, 15087701, 15088085, 15088469, 15088901, 15089333, 15089717, 15090101, 15090533, 15090965, 15091349, 15091733, 15092165, 15092597, 15092981, 15093365, 15093797, 15094229, 15094613, 15095045, 15095429, 15095861, 15096245, 15096677, 15097061, 15097493, 15097877, 15098309, 15098693, 15099125, 15099509, 15099941, 15100325, 15100757, 15101141, 15101573, 15101957, 15102389, 15102773, 15103205, 15103589, 15104021, 15104405, 15104837, 15105221, 15105653, 15105893, 15106133, 15106421, 15106661, 15106949, 15107189, 15107477, 15107717, 15108005, 15108245, 15108485, 15108773, 15109013, 15109301, 15109541, 15109829, 15110069, 15110357, 15110597, 15110885, 15111125, 15111365, 15111653, 15111893, 15112181, 15112421, 15112709, 15112949, 15113237, 15113477, 15113765, 15114005, 15114245, 15114533, 15114773, 15115061, 15115301, 15115589, 15115829, 15116117, 15116357, 15116645, 15116885, 15117125, 15117413, 15117653, 15117941, 15118181, 15118469, 15118709, 15118997, 15119237, 15119525, 15119765, 15120005, 15120293, 15120533, 15120821, 15121061, 15121349, 15121589, 15121877, 15122117, 15122405, 15122645, 15122885, 15123173, 15123413, 15123701, 15123941, 15124229, 15124469, 15124757, 15124997, 15125285, 15125525, 15125765, 15126053, 15126293, 15126581, 15126821, 15127109, 15127349, 15127637, 15127877, 15128165, 15128405, 30660360, 16260895, 16261231, 16261519, 16261855, 16262143, 16262479, 16262767, 16263103, 16263391, 16263727, 16264015, 16264351, 16264639, 16264975, 16265263, 16265599, 16265887, 15116789, 15117029, 15117317, 15117557, 15117845, 33722159, 16254799, 16255135, 16255423, 16255759, 16256047, 16256383, 16256671, 16257007, 16257295, 16257631, 16257919, 16258255, 16258543, 16258879, 16259167, 16259503, 15122549, 15122789, 15123077, 15123317, 15123605, 15123845, 15124133, 15124373, 15124661, 15124901, 15125189, 15125429, 15125669, 15125957, 34859396, 16258111, 16258447, 16258735, 16259071, 16259359, 16259695, 16259983, 16260319, 16260607, 16260943, 16261231, 16261519, 16261855, 16262143, 16262479, 16262767, 16263103, 16263391, 16263727, 16264015, 16264351, 16264639, 16264975, 16265263, 16265599, 16265887, 16266223, 16266511, 16266847, 16267135, 16267471, 16267759, 16268095, 16268383, 16268719, 16269007, 16269343, 16269631, 16269967, 16270255, 16270591, 16270879, 16271215, 16271503, 16271839, 16272127, 16272463, 16272751, 16273039, 16273375, 16273663, 16273999, 16274287, 16274623, 16274911, 16275247, 16275535, 16275871, 16276159, 16276495, 16276783, 16277119, 16277407, 16277743, 16278031, 16278367, 16278655, 16278991, 16279279, 16279615, 16279903, 16280239, 16280527, 16280863, 16281151, 16281487, 16281775, 16282111, 16282399, 16282735, 16283023, 16283359, 16283647, 16283983, 16284271, 16284559, 16284895, 16285183, 16285519, 16285807, 16286143, 16286431, 16286767, 16287055, 16287391, 16287679, 16288015, 16288303, 16288639, 16288927, 16289263, 16289551, 16289887, 16290175, 16290511, 16290799, 16291135, 16291423, 16291759, 16292047, 16292383, 16292671, 16293007, 16293295, 16293631, 16293919, 16294255, 16294543, 16294879, 16295167, 16295503, 16295791, 16296079, 16296415, 16296703, 16297039, 16297327, 16297663, 16297951, 16298287, 16298575, 16298911, 16299199, 15148229, 15148469]"
0,48,Qwen/Qwen3-30B-A3B-Instruct-2507,1032,393,31932605340,38045971993,6113366653,8681905,39036855,15495739,"[12786278, 12786566, 12786902, 12787238, 12787574, 12787862, 12788198, 12788534, 12788822, 12789206, 12789494, 12789830, 12790166, 12790454, 12790790, 12791126, 12791414, 12791750, 12792038, 12792422, 12792710, 12793046, 12793382, 12793670, 12794006, 12794342, 12794678, 12794966, 12795302, 12795638, 12795926, 12796262, 12796598, 12796934, 12797222, 12797558, 12797894, 12798182, 12798518, 12798854, 12799142, 12799478, 12799814, 12800150, 12800438, 12800774, 12801110, 12801446, 12801782, 12802070, 12802406, 12802694, 12803030, 12803366, 12803654, 12804038, 12804326, 12804614, 12804998, 30450859, 13933585, 13933969, 13934353, 13934785, 13935121, 30490121, 15087701, 15088085, 15088469, 15088901, 15089333, 15089717, 15090101, 15090533, 15090965, 15091349, 15091733, 15092165, 15092597, 15092981, 15093365, 15093797, 15094229, 15094613, 15095045, 15095429, 15095861, 15096245, 15096677, 15097061, 15097493, 15097877, 15098309, 15098693, 15099125, 15099509, 15099941, 15100325, 15100757, 15101141, 15101573, 15101957, 15102389, 15102773, 15103205, 15103589, 15104021, 15104405, 15104837, 15105221, 15105653, 15105893, 15106133, 15106421, 15106661, 15106949, 15107189, 15107477, 15107717, 15108005, 15108245, 15108485, 15108773, 15109013, 15109301, 15109541, 15109829, 15110069, 15110357, 15110597, 15110885, 15111125, 15111365, 15111653, 15111893, 15112181, 15112421, 15112709, 15112949, 15113237, 15113477, 15113765, 15114005, 15114245, 15114533, 15114773, 15115061, 15115301, 15115589, 15115829, 15116117, 15116357, 15116645, 15116885, 15117125, 15117413, 15117653, 15117941, 15118181, 15118469, 15118709, 15118997, 15119237, 15119525, 15119765, 15120005, 15120293, 15120533, 15120821, 15121061, 15121349, 15121589, 15121877, 15122117, 15122405, 15122645, 15122885, 15123173, 15123413, 15123701, 15123941, 15124229, 15124469, 15124757, 15124997, 15125285, 15125525, 15125765, 15126053, 15126293, 15126581, 15126821, 15127109, 15127349, 15127637, 15127877, 15128165, 15128405, 30660360, 16260895, 16261231, 16261519, 16261855, 16262143, 16262479, 16262767, 16263103, 16263391, 16263727, 16264015, 16264351, 16264639, 16264975, 16265263, 16265599, 16265887, 15116789, 15117029, 15117317, 15117557, 15117845, 33722159, 16254799, 16255135, 16255423, 16255759, 16256047, 16256383, 16256671, 16257007, 16257295, 16257631, 16257919, 16258255, 16258543, 16258879, 16259167, 16259503, 15122549, 15122789, 15123077, 15123317, 15123605, 15123845, 15124133, 15124373, 15124661, 15124901, 15125189, 15125429, 15125669, 15125957, 34859396, 16258111, 16258447, 16258735, 16259071, 16259359, 16259695, 16259983, 16260319, 16260607, 16260943, 16261231, 16261519, 16261855, 16262143, 16262479, 16262767, 16263103, 16263391, 16263727, 16264015, 16264351, 16264639, 16264975, 16265263, 16265599, 16265887, 16266223, 16266511, 16266847, 16267135, 16267471, 16267759, 16268095, 16268383, 16268719, 16269007, 16269343, 16269631, 16269967, 16270255, 16270591, 16270879, 16271215, 16271503, 16271839, 16272127, 16272463, 16272751, 16273039, 16273375, 16273663, 16273999, 16274287, 16274623, 16274911, 16275247, 16275535, 16275871, 16276159, 16276495, 16276783, 16277119, 16277407, 16277743, 16278031, 16278367, 16278655, 16278991, 16279279, 16279615, 16279903, 16280239, 16280527, 16280863, 16281151, 16281487, 16281775, 16282111, 16282399, 16282735, 16283023, 16283359, 16283647, 16283983, 16284271, 16284559, 16284895, 16285183, 16285519, 16285807, 16286143, 16286431, 16286767, 16287055, 16287391, 16287679, 16288015, 16288303, 16288639, 16288927, 16289263, 16289551, 16289887, 16290175, 16290511, 16290799, 16291135, 16291423, 16291759, 16292047, 16292383, 16292671, 16293007, 16293295, 16293631, 16293919, 16294255, 16294543, 16294879, 16295167, 16295503, 16295791, 16296079, 16296415, 16296703, 16297039, 16297327, 16297663, 16297951, 16298287, 16298575, 16298911, 16299199, 15148229, 15148469, 13978465, 13978705, 13978897, 33778166]"
0,45,Qwen/Qwen3-30B-A3B-Instruct-2507,1161,17,38004711698,38337837922,333126224,7482129,41260295,18241620,"[33732182, 15128357, 15128645, 15128885, 33766751, 16269439, 16269775, 16270063, 16270399, 16270687, 16271023, 16271311, 16271647, 16271935, 16272271, 16272559]"
0,47,Qwen/Qwen3-30B-A3B-Instruct-2507,1161,17,38035008396,38352968775,317960379,10963597,44695779,17079037,"[15128357, 15128645, 15128885, 33766751, 16269439, 16269775, 16270063, 16270399, 16270687, 16271023, 16271311, 16271647, 16271935, 16272271, 16272559, 15130853]"
0,49,Qwen/Qwen3-30B-A3B-Instruct-2507,1161,17,38110722629,38408856619,298133990,14367433,48134184,15624987,"[16269439, 16269775, 16270063, 16270399, 16270687, 16271023, 16271311, 16271647, 16271935, 16272271, 16272559, 15130853, 13971649, 13971841, 13972081, 13972273]"
0,50,Qwen/Qwen3-30B-A3B-Instruct-2507,1032,393,32724278060,38957682475,6233404415,2305817,32756676,15817978,"[13933585, 13933969, 13934353, 13934785, 13935121, 30490121, 15087701, 15088085, 15088469, 15088901, 15089333, 15089717, 15090101, 15090533, 15090965, 15091349, 15091733, 15092165, 15092597, 15092981, 15093365, 15093797, 15094229, 15094613, 15095045, 15095429, 15095861, 15096245, 15096677, 15097061, 15097493, 15097877, 15098309, 15098693, 15099125, 15099509, 15099941, 15100325, 15100757, 15101141, 15101573, 15101957, 15102389, 15102773, 15103205, 15103589, 15104021, 15104405, 15104837, 15105221, 15105653, 15105893, 15106133, 15106421, 15106661, 15106949, 15107189, 15107477, 15107717, 15108005, 15108245, 15108485, 15108773, 15109013, 15109301, 15109541, 15109829, 15110069, 15110357, 15110597, 15110885, 15111125, 15111365, 15111653, 15111893, 15112181, 15112421, 15112709, 15112949, 15113237, 15113477, 15113765, 15114005, 15114245, 15114533, 15114773, 15115061, 15115301, 15115589, 15115829, 15116117, 15116357, 15116645, 15116885, 15117125, 15117413, 15117653, 15117941, 15118181, 15118469, 15118709, 15118997, 15119237, 15119525, 15119765, 15120005, 15120293, 15120533, 15120821, 15121061, 15121349, 15121589, 15121877, 15122117, 15122405, 15122645, 15122885, 15123173, 15123413, 15123701, 15123941, 15124229, 15124469, 15124757, 15124997, 15125285, 15125525, 15125765, 15126053, 15126293, 15126581, 15126821, 15127109, 15127349, 15127637, 15127877, 15128165, 15128405, 30660360, 16260895, 16261231, 16261519, 16261855, 16262143, 16262479, 16262767, 16263103, 16263391, 16263727, 16264015, 16264351, 16264639, 16264975, 16265263, 16265599, 16265887, 15116789, 15117029, 15117317, 15117557, 15117845, 33722159, 16254799, 16255135, 16255423, 16255759, 16256047, 16256383, 16256671, 16257007, 16257295, 16257631, 16257919, 16258255, 16258543, 16258879, 16259167, 16259503, 15122549, 15122789, 15123077, 15123317, 15123605, 15123845, 15124133, 15124373, 15124661, 15124901, 15125189, 15125429, 15125669, 15125957, 34859396, 16258111, 16258447, 16258735, 16259071, 16259359, 16259695, 16259983, 16260319, 16260607, 16260943, 16261231, 16261519, 16261855, 16262143, 16262479, 16262767, 16263103, 16263391, 16263727, 16264015, 16264351, 16264639, 16264975, 16265263, 16265599, 16265887, 16266223, 16266511, 16266847, 16267135, 16267471, 16267759, 16268095, 16268383, 16268719, 16269007, 16269343, 16269631, 16269967, 16270255, 16270591, 16270879, 16271215, 16271503, 16271839, 16272127, 16272463, 16272751, 16273039, 16273375, 16273663, 16273999, 16274287, 16274623, 16274911, 16275247, 16275535, 16275871, 16276159, 16276495, 16276783, 16277119, 16277407, 16277743, 16278031, 16278367, 16278655, 16278991, 16279279, 16279615, 16279903, 16280239, 16280527, 16280863, 16281151, 16281487, 16281775, 16282111, 16282399, 16282735, 16283023, 16283359, 16283647, 16283983, 16284271, 16284559, 16284895, 16285183, 16285519, 16285807, 16286143, 16286431, 16286767, 16287055, 16287391, 16287679, 16288015, 16288303, 16288639, 16288927, 16289263, 16289551, 16289887, 16290175, 16290511, 16290799, 16291135, 16291423, 16291759, 16292047, 16292383, 16292671, 16293007, 16293295, 16293631, 16293919, 16294255, 16294543, 16294879, 16295167, 16295503, 16295791, 16296079, 16296415, 16296703, 16297039, 16297327, 16297663, 16297951, 16298287, 16298575, 16298911, 16299199, 15148229, 15148469, 13978465, 13978705, 13978897, 33778166, 33732182, 15128357, 15128645, 15128885, 33766751, 16269439, 16269775, 16270063, 16270399, 16270687, 16271023, 16271311, 16271647, 16271935, 16272271, 16272559, 15130853, 13971649, 13971841, 13972081, 13972273, 12831686, 12831878, 12832022, 12832166, 12832358, 12832502, 12832646, 12832838, 12832982, 12833174, 12833318, 30428723, 13969057, 13969297, 13969489, 13969729, 13969921, 13970161, 13970353, 13970545, 13970785, 13970977, 13971217, 13971409, 13971601, 13971841, 13972033, 13972273, 13972465, 13972705, 13972897, 13973089, 13973329, 13973521, 13973761, 13973953, 13974193, 13974385, 13974577]"
0,52,Qwen/Qwen3-30B-A3B-Instruct-2507,1032,393,32819909659,39034651759,6214742100,6796890,37287011,15758814,"[15087701, 15088085, 15088469, 15088901, 15089333, 15089717, 15090101, 15090533, 15090965, 15091349, 15091733, 15092165, 15092597, 15092981, 15093365, 15093797, 15094229, 15094613, 15095045, 15095429, 15095861, 15096245, 15096677, 15097061, 15097493, 15097877, 15098309, 15098693, 15099125, 15099509, 15099941, 15100325, 15100757, 15101141, 15101573, 15101957, 15102389, 15102773, 15103205, 15103589, 15104021, 15104405, 15104837, 15105221, 15105653, 15105893, 15106133, 15106421, 15106661, 15106949, 15107189, 15107477, 15107717, 15108005, 15108245, 15108485, 15108773, 15109013, 15109301, 15109541, 15109829, 15110069, 15110357, 15110597, 15110885, 15111125, 15111365, 15111653, 15111893, 15112181, 15112421, 15112709, 15112949, 15113237, 15113477, 15113765, 15114005, 15114245, 15114533, 15114773, 15115061, 15115301, 15115589, 15115829, 15116117, 15116357, 15116645, 15116885, 15117125, 15117413, 15117653, 15117941, 15118181, 15118469, 15118709, 15118997, 15119237, 15119525, 15119765, 15120005, 15120293, 15120533, 15120821, 15121061, 15121349, 15121589, 15121877, 15122117, 15122405, 15122645, 15122885, 15123173, 15123413, 15123701, 15123941, 15124229, 15124469, 15124757, 15124997, 15125285, 15125525, 15125765, 15126053, 15126293, 15126581, 15126821, 15127109, 15127349, 15127637, 15127877, 15128165, 15128405, 30660360, 16260895, 16261231, 16261519, 16261855, 16262143, 16262479, 16262767, 16263103, 16263391, 16263727, 16264015, 16264351, 16264639, 16264975, 16265263, 16265599, 16265887, 15116789, 15117029, 15117317, 15117557, 15117845, 33722159, 16254799, 16255135, 16255423, 16255759, 16256047, 16256383, 16256671, 16257007, 16257295, 16257631, 16257919, 16258255, 16258543, 16258879, 16259167, 16259503, 15122549, 15122789, 15123077, 15123317, 15123605, 15123845, 15124133, 15124373, 15124661, 15124901, 15125189, 15125429, 15125669, 15125957, 34859396, 16258111, 16258447, 16258735, 16259071, 16259359, 16259695, 16259983, 16260319, 16260607, 16260943, 16261231, 16261519, 16261855, 16262143, 16262479, 16262767, 16263103, 16263391, 16263727, 16264015, 16264351, 16264639, 16264975, 16265263, 16265599, 16265887, 16266223, 16266511, 16266847, 16267135, 16267471, 16267759, 16268095, 16268383, 16268719, 16269007, 16269343, 16269631, 16269967, 16270255, 16270591, 16270879, 16271215, 16271503, 16271839, 16272127, 16272463, 16272751, 16273039, 16273375, 16273663, 16273999, 16274287, 16274623, 16274911, 16275247, 16275535, 16275871, 16276159, 16276495, 16276783, 16277119, 16277407, 16277743, 16278031, 16278367, 16278655, 16278991, 16279279, 16279615, 16279903, 16280239, 16280527, 16280863, 16281151, 16281487, 16281775, 16282111, 16282399, 16282735, 16283023, 16283359, 16283647, 16283983, 16284271, 16284559, 16284895, 16285183, 16285519, 16285807, 16286143, 16286431, 16286767, 16287055, 16287391, 16287679, 16288015, 16288303, 16288639, 16288927, 16289263, 16289551, 16289887, 16290175, 16290511, 16290799, 16291135, 16291423, 16291759, 16292047, 16292383, 16292671, 16293007, 16293295, 16293631, 16293919, 16294255, 16294543, 16294879, 16295167, 16295503, 16295791, 16296079, 16296415, 16296703, 16297039, 16297327, 16297663, 16297951, 16298287, 16298575, 16298911, 16299199, 15148229, 15148469, 13978465, 13978705, 13978897, 33778166, 33732182, 15128357, 15128645, 15128885, 33766751, 16269439, 16269775, 16270063, 16270399, 16270687, 16271023, 16271311, 16271647, 16271935, 16272271, 16272559, 15130853, 13971649, 13971841, 13972081, 13972273, 12831686, 12831878, 12832022, 12832166, 12832358, 12832502, 12832646, 12832838, 12832982, 12833174, 12833318, 30428723, 13969057, 13969297, 13969489, 13969729, 13969921, 13970161, 13970353, 13970545, 13970785, 13970977, 13971217, 13971409, 13971601, 13971841, 13972033, 13972273, 13972465, 13972705, 13972897, 13973089, 13973329, 13973521, 13973761, 13973953, 13974193, 13974385, 13974577, 12827798, 12827990, 12828134, 12828278, 12828470, 12828614]"
0,51,Qwen/Qwen3-30B-A3B-Instruct-2507,1161,17,39022433111,39307782390,285349279,12218648,45813349,14970995,"[12814838, 12815030, 12815174, 33628524, 13954033, 13954225, 13954465, 13954657, 13954897, 13955089, 13955281, 13955521, 13955713, 13955953, 13956145, 13956385]"
0,53,Qwen/Qwen3-30B-A3B-Instruct-2507,1161,17,39099402395,39359052734,259650339,7289107,40917631,13670794,"[13954033, 13954225, 13954465, 13954657, 13954897, 13955089, 13955281, 13955521, 13955713, 13955953, 13956145, 13956385, 12817334, 12817526, 12817670, 12817814]"
0,54,Qwen/Qwen3-30B-A3B-Instruct-2507,1032,393,34843626552,40727078208,5883451656,8111658,38772018,14909897,"[16260895, 16261231, 16261519, 16261855, 16262143, 16262479, 16262767, 16263103, 16263391, 16263727, 16264015, 16264351, 16264639, 16264975, 16265263, 16265599, 16265887, 15116789, 15117029, 15117317, 15117557, 15117845, 33722159, 16254799, 16255135, 16255423, 16255759, 16256047, 16256383, 16256671, 16257007, 16257295, 16257631, 16257919, 16258255, 16258543, 16258879, 16259167, 16259503, 15122549, 15122789, 15123077, 15123317, 15123605, 15123845, 15124133, 15124373, 15124661, 15124901, 15125189, 15125429, 15125669, 15125957, 34859396, 16258111, 16258447, 16258735, 16259071, 16259359, 16259695, 16259983, 16260319, 16260607, 16260943, 16261231, 16261519, 16261855, 16262143, 16262479, 16262767, 16263103, 16263391, 16263727, 16264015, 16264351, 16264639, 16264975, 16265263, 16265599, 16265887, 16266223, 16266511, 16266847, 16267135, 16267471, 16267759, 16268095, 16268383, 16268719, 16269007, 16269343, 16269631, 16269967, 16270255, 16270591, 16270879, 16271215, 16271503, 16271839, 16272127, 16272463, 16272751, 16273039, 16273375, 16273663, 16273999, 16274287, 16274623, 16274911, 16275247, 16275535, 16275871, 16276159, 16276495, 16276783, 16277119, 16277407, 16277743, 16278031, 16278367, 16278655, 16278991, 16279279, 16279615, 16279903, 16280239, 16280527, 16280863, 16281151, 16281487, 16281775, 16282111, 16282399, 16282735, 16283023, 16283359, 16283647, 16283983, 16284271, 16284559, 16284895, 16285183, 16285519, 16285807, 16286143, 16286431, 16286767, 16287055, 16287391, 16287679, 16288015, 16288303, 16288639, 16288927, 16289263, 16289551, 16289887, 16290175, 16290511, 16290799, 16291135, 16291423, 16291759, 16292047, 16292383, 16292671, 16293007, 16293295, 16293631, 16293919, 16294255, 16294543, 16294879, 16295167, 16295503, 16295791, 16296079, 16296415, 16296703, 16297039, 16297327, 16297663, 16297951, 16298287, 16298575, 16298911, 16299199, 15148229, 15148469, 13978465, 13978705, 13978897, 33778166, 33732182, 15128357, 15128645, 15128885, 33766751, 16269439, 16269775, 16270063, 16270399, 16270687, 16271023, 16271311, 16271647, 16271935, 16272271, 16272559, 15130853, 13971649, 13971841, 13972081, 13972273, 12831686, 12831878, 12832022, 12832166, 12832358, 12832502, 12832646, 12832838, 12832982, 12833174, 12833318, 30428723, 13969057, 13969297, 13969489, 13969729, 13969921, 13970161, 13970353, 13970545, 13970785, 13970977, 13971217, 13971409, 13971601, 13971841, 13972033, 13972273, 13972465, 13972705, 13972897, 13973089, 13973329, 13973521, 13973761, 13973953, 13974193, 13974385, 13974577, 12827798, 12827990, 12828134, 12828278, 12828470, 12828614, 33594701, 12814838, 12815030, 12815174, 33628524, 13954033, 13954225, 13954465, 13954657, 13954897, 13955089, 13955281, 13955521, 13955713, 13955953, 13956145, 13956385, 12817334, 12817526, 12817670, 12817814, 10857782, 10857878, 10858022, 10858166, 10858262, 10858406, 10858550, 10858694, 10858790, 10858934, 10859078, 10859174, 10859318, 10859462, 10859558, 10859702, 10859846, 10859942, 10860086, 10860230, 10860326, 10860470, 10860614, 10860758, 10860854, 10860998, 10861142, 10861238, 10861382, 10861526, 10861622, 10861766, 10861910, 10862006, 10862150, 10862294, 10862390, 10862534, 10862678, 10862774, 10862918, 10863062, 10863206, 10863302, 10863446, 10863590, 10863686, 10863830, 10863974, 10864070, 10864214, 10864358, 10864454, 10864598, 10864742, 10864838, 10864982, 10865126, 10865270, 10865366, 10865510, 10865654, 10865750, 10865894, 10866038, 10866134, 30333918, 12823286, 12823430, 12823622, 12823766, 12823910, 12824102, 12824246, 12824438, 12824582, 12824726, 12824918, 12825062, 12825206, 12825398, 12825542, 12825734, 12825878, 12826022, 12826214, 12826358, 12826550, 30374195, 13958737, 13958977, 13959169, 13959409, 13959601, 13959793, 13960033, 13960225, 13960465, 13960657, 13960897, 13961089, 13961281, 13961521, 13961713, 13961953, 13962145, 13962385, 13962577, 13962769, 13963009, 13963201, 13963441]"
0,55,Qwen/Qwen3-30B-A3B-Instruct-2507,1161,17,40791828844,41060944048,269115204,12168248,45798884,13957270,"[13955665, 13955905, 13956097, 13956337, 13956529, 13956721, 13956961, 13957153, 13957393, 13957585, 13957777, 13958017, 13958209, 13958449, 13958641, 13958881]"
0,56,Qwen/Qwen3-30B-A3B-Instruct-2507,1044,530,35731737320,43372679686,7640942366,8301695,43161091,14362535,"[16258111, 16258447, 16258735, 16259071, 16259359, 16259695, 16259983, 16260319, 16260607, 16260943, 16261231, 16261519, 16261855, 16262143, 16262479, 16262767, 16263103, 16263391, 16263727, 16264015, 16264351, 16264639, 16264975, 16265263, 16265599, 16265887, 16266223, 16266511, 16266847, 16267135, 16267471, 16267759, 16268095, 16268383, 16268719, 16269007, 16269343, 16269631, 16269967, 16270255, 16270591, 16270879, 16271215, 16271503, 16271839, 16272127, 16272463, 16272751, 16273039, 16273375, 16273663, 16273999, 16274287, 16274623, 16274911, 16275247, 16275535, 16275871, 16276159, 16276495, 16276783, 16277119, 16277407, 16277743, 16278031, 16278367, 16278655, 16278991, 16279279, 16279615, 16279903, 16280239, 16280527, 16280863, 16281151, 16281487, 16281775, 16282111, 16282399, 16282735, 16283023, 16283359, 16283647, 16283983, 16284271, 16284559, 16284895, 16285183, 16285519, 16285807, 16286143, 16286431, 16286767, 16287055, 16287391, 16287679, 16288015, 16288303, 16288639, 16288927, 16289263, 16289551, 16289887, 16290175, 16290511, 16290799, 16291135, 16291423, 16291759, 16292047, 16292383, 16292671, 16293007, 16293295, 16293631, 16293919, 16294255, 16294543, 16294879, 16295167, 16295503, 16295791, 16296079, 16296415, 16296703, 16297039, 16297327, 16297663, 16297951, 16298287, 16298575, 16298911, 16299199, 15148229, 15148469, 13978465, 13978705, 13978897, 33778166, 33732182, 15128357, 15128645, 15128885, 33766751, 16269439, 16269775, 16270063, 16270399, 16270687, 16271023, 16271311, 16271647, 16271935, 16272271, 16272559, 15130853, 13971649, 13971841, 13972081, 13972273, 12831686, 12831878, 12832022, 12832166, 12832358, 12832502, 12832646, 12832838, 12832982, 12833174, 12833318, 30428723, 13969057, 13969297, 13969489, 13969729, 13969921, 13970161, 13970353, 13970545, 13970785, 13970977, 13971217, 13971409, 13971601, 13971841, 13972033, 13972273, 13972465, 13972705, 13972897, 13973089, 13973329, 13973521, 13973761, 13973953, 13974193, 13974385, 13974577, 12827798, 12827990, 12828134, 12828278, 12828470, 12828614, 33594701, 12814838, 12815030, 12815174, 33628524, 13954033, 13954225, 13954465, 13954657, 13954897, 13955089, 13955281, 13955521, 13955713, 13955953, 13956145, 13956385, 12817334, 12817526, 12817670, 12817814, 10857782, 10857878, 10858022, 10858166, 10858262, 10858406, 10858550, 10858694, 10858790, 10858934, 10859078, 10859174, 10859318, 10859462, 10859558, 10859702, 10859846, 10859942, 10860086, 10860230, 10860326, 10860470, 10860614, 10860758, 10860854, 10860998, 10861142, 10861238, 10861382, 10861526, 10861622, 10861766, 10861910, 10862006, 10862150, 10862294, 10862390, 10862534, 10862678, 10862774, 10862918, 10863062, 10863206, 10863302, 10863446, 10863590, 10863686, 10863830, 10863974, 10864070, 10864214, 10864358, 10864454, 10864598, 10864742, 10864838, 10864982, 10865126, 10865270, 10865366, 10865510, 10865654, 10865750, 10865894, 10866038, 10866134, 30333918, 12823286, 12823430, 12823622, 12823766, 12823910, 12824102, 12824246, 12824438, 12824582, 12824726, 12824918, 12825062, 12825206, 12825398, 12825542, 12825734, 12825878, 12826022, 12826214, 12826358, 12826550, 30374195, 13958737, 13958977, 13959169, 13959409, 13959601, 13959793, 13960033, 13960225, 13960465, 13960657, 13960897, 13961089, 13961281, 13961521, 13961713, 13961953, 13962145, 13962385, 13962577, 13962769, 13963009, 13963201, 13963441, 12819398, 12819590, 12819734, 12819878, 12820070, 12820214, 33630636, 13955665, 13955905, 13956097, 13956337, 13956529, 13956721, 13956961, 13957153, 13957393, 13957585, 13957777, 13958017, 13958209, 13958449, 13958641, 13958881, 12823142, 12823286, 12823478, 12823622, 12823814, 12823958, 12824102, 12824294, 12824438, 12824630, 12824774, 12824918, 12825110, 12825254, 12825446, 12825590, 12825734, 12825926, 12826070, 12826214, 12826406, 12826550, 12826742, 12826886, 12827030, 12827222, 12827366, 12827558, 12827702, 12827846, 12828038, 12828182, 12828374, 12828518, 12828662, 12828854, 12828998, 12829142, 12829334, 12829478, 12829670, 12829814, 12829958, 12830150, 12830294, 12830486, 12830630, 12830774, 12830966, 12831110, 12831302, 12831446, 12831590, 12831782, 12831926, 12832070, 12832262, 12832406, 12832598, 12832742, 30394787, 13962049, 13962289, 13962481, 13962721, 13962913, 13963105, 13963345, 13963537, 13963777, 13963969, 13964161, 13964401, 13964593, 13964833, 13965025, 13965265, 13965457, 13965649, 13965889, 13966081, 13966321, 13966513, 13966753, 13966945, 13967137, 13967377, 13967569, 13967809, 13968001, 13968193, 13968433, 13968625, 13968865, 13969057, 13969297, 13969489, 13969681, 13969921, 13970113, 13970353, 13970545, 13970785, 13970977, 13971169, 13971409, 13971601, 13971841, 13972033, 13972225, 13972465, 13972657, 13972897, 13973089, 13973329, 13973521, 13973713, 13973953, 13974145, 13974385, 13974577, 13974817, 13975009, 13975201, 13975441, 13975633, 13975873, 13976065, 13976305, 13976497, 13976689, 13976929, 13977121, 13977361, 13977553, 13977745, 13977985, 13978177, 13978417, 13978609, 13978849, 13979041, 13979233, 13979473, 13979665, 13979905, 13980097, 13980337, 13980529, 13980721, 13980961, 13981153, 13981393, 13981585, 13981777, 13982017, 13982209, 13982449, 13982641, 13982881, 13983073, 13983265, 13983505, 13983697, 13983937, 13984129, 13984369, 30504561]"
0,57,Qwen/Qwen3-30B-A3B-Instruct-2507,1176,159,43457240827,46204465719,2747224892,15653345,54369477,17043388,"[16257007, 16257295, 16257631, 16257919, 16258255, 16258543, 16258879, 16259167, 16259503, 16259791, 16260127, 16260415, 16260751, 16261039, 16261375, 16261663, 16261999, 16262287, 16262623, 16262911, 16263247, 16263535, 16263871, 16264159, 16264495, 16264783, 16265119, 16265407, 16265743, 16266031, 16266319, 16266655, 16266943, 16267279, 16267567, 16267903, 16268191, 16268527, 16268815, 16269151, 16269439, 16269775, 16270063, 16270399, 16270687, 16271023, 16271311, 16271647, 16271935, 16272271, 16272559, 16272895, 16273183, 16273519, 16273807, 16274143, 16274431, 16274767, 16275055, 16275391, 16275679, 16276015, 16276303, 16276639, 16276927, 30557020, 17428657, 17428993, 17429377, 17429713, 17430097, 17430433, 17430817, 17431153, 17431537, 17431873, 17432257, 17432593, 17432977, 17433313, 17433697, 17434033, 17434417, 17434753, 17435137, 17435473, 17435857, 17436241, 17436577, 17436961, 17437297, 17437681, 17438017, 17438401, 17438737, 17439121, 17439457, 17439841, 17440177, 17440561, 17440897, 17441281, 17441617, 17442001, 17442337, 17442721, 17443057, 17443441, 17443777, 17444161, 17444497, 17444881, 17445265, 17445601, 17445985, 17446321, 17446705, 17447041, 17447425, 17447761, 17448145, 17448481, 17448865, 17449201, 17449585, 17449921, 17450305, 17450641, 17451025, 17451361, 17451745, 17452081, 17452465, 17452801, 17453185, 17453521, 17453905, 17454241, 17454625, 17455009, 17455345, 17455729, 17456065, 17456449, 17456785, 17457169, 17457505, 17457889, 17458225, 17458609, 17458945, 17459329, 17459665, 17460049, 17460385, 17460769, 17461105, 17461489]"
0,58,Qwen/Qwen3-30B-A3B-Instruct-2507,1044,530,38539283976,46318556320,7779272344,10730213,41158936,14627813,"[13969057, 13969297, 13969489, 13969729, 13969921, 13970161, 13970353, 13970545, 13970785, 13970977, 13971217, 13971409, 13971601, 13971841, 13972033, 13972273, 13972465, 13972705, 13972897, 13973089, 13973329, 13973521, 13973761, 13973953, 13974193, 13974385, 13974577, 12827798, 12827990, 12828134, 12828278, 12828470, 12828614, 33594701, 12814838, 12815030, 12815174, 33628524, 13954033, 13954225, 13954465, 13954657, 13954897, 13955089, 13955281, 13955521, 13955713, 13955953, 13956145, 13956385, 12817334, 12817526, 12817670, 12817814, 10857782, 10857878, 10858022, 10858166, 10858262, 10858406, 10858550, 10858694, 10858790, 10858934, 10859078, 10859174, 10859318, 10859462, 10859558, 10859702, 10859846, 10859942, 10860086, 10860230, 10860326, 10860470, 10860614, 10860758, 10860854, 10860998, 10861142, 10861238, 10861382, 10861526, 10861622, 10861766, 10861910, 10862006, 10862150, 10862294, 10862390, 10862534, 10862678, 10862774, 10862918, 10863062, 10863206, 10863302, 10863446, 10863590, 10863686, 10863830, 10863974, 10864070, 10864214, 10864358, 10864454, 10864598, 10864742, 10864838, 10864982, 10865126, 10865270, 10865366, 10865510, 10865654, 10865750, 10865894, 10866038, 10866134, 30333918, 12823286, 12823430, 12823622, 12823766, 12823910, 12824102, 12824246, 12824438, 12824582, 12824726, 12824918, 12825062, 12825206, 12825398, 12825542, 12825734, 12825878, 12826022, 12826214, 12826358, 12826550, 30374195, 13958737, 13958977, 13959169, 13959409, 13959601, 13959793, 13960033, 13960225, 13960465, 13960657, 13960897, 13961089, 13961281, 13961521, 13961713, 13961953, 13962145, 13962385, 13962577, 13962769, 13963009, 13963201, 13963441, 12819398, 12819590, 12819734, 12819878, 12820070, 12820214, 33630636, 13955665, 13955905, 13956097, 13956337, 13956529, 13956721, 13956961, 13957153, 13957393, 13957585, 13957777, 13958017, 13958209, 13958449, 13958641, 13958881, 12823142, 12823286, 12823478, 12823622, 12823814, 12823958, 12824102, 12824294, 12824438, 12824630, 12824774, 12824918, 12825110, 12825254, 12825446, 12825590, 12825734, 12825926, 12826070, 12826214, 12826406, 12826550, 12826742, 12826886, 12827030, 12827222, 12827366, 12827558, 12827702, 12827846, 12828038, 12828182, 12828374, 12828518, 12828662, 12828854, 12828998, 12829142, 12829334, 12829478, 12829670, 12829814, 12829958, 12830150, 12830294, 12830486, 12830630, 12830774, 12830966, 12831110, 12831302, 12831446, 12831590, 12831782, 12831926, 12832070, 12832262, 12832406, 12832598, 12832742, 30394787, 13962049, 13962289, 13962481, 13962721, 13962913, 13963105, 13963345, 13963537, 13963777, 13963969, 13964161, 13964401, 13964593, 13964833, 13965025, 13965265, 13965457, 13965649, 13965889, 13966081, 13966321, 13966513, 13966753, 13966945, 13967137, 13967377, 13967569, 13967809, 13968001, 13968193, 13968433, 13968625, 13968865, 13969057, 13969297, 13969489, 13969681, 13969921, 13970113, 13970353, 13970545, 13970785, 13970977, 13971169, 13971409, 13971601, 13971841, 13972033, 13972225, 13972465, 13972657, 13972897, 13973089, 13973329, 13973521, 13973713, 13973953, 13974145, 13974385, 13974577, 13974817, 13975009, 13975201, 13975441, 13975633, 13975873, 13976065, 13976305, 13976497, 13976689, 13976929, 13977121, 13977361, 13977553, 13977745, 13977985, 13978177, 13978417, 13978609, 13978849, 13979041, 13979233, 13979473, 13979665, 13979905, 13980097, 13980337, 13980529, 13980721, 13980961, 13981153, 13981393, 13981585, 13981777, 13982017, 13982209, 13982449, 13982641, 13982881, 13983073, 13983265, 13983505, 13983697, 13983937, 13984129, 13984369, 30504561, 13961857, 13962097, 13962289, 13962529, 13962721, 30402993, 38716132, 16257007, 16257295, 16257631, 16257919, 16258255, 16258543, 16258879, 16259167, 16259503, 16259791, 16260127, 16260415, 16260751, 16261039, 16261375, 16261663, 16261999, 16262287, 16262623, 16262911, 16263247, 16263535, 16263871, 16264159, 16264495, 16264783, 16265119, 16265407, 16265743, 16266031, 16266319, 16266655, 16266943, 16267279, 16267567, 16267903, 16268191, 16268527, 16268815, 16269151, 16269439, 16269775, 16270063, 16270399, 16270687, 16271023, 16271311, 16271647, 16271935, 16272271, 16272559, 16272895, 16273183, 16273519, 16273807, 16274143, 16274431, 16274767, 16275055, 16275391, 16275679, 16276015, 16276303, 16276639, 16276927, 30557020, 17428657, 17428993, 17429377, 17429713, 17430097, 17430433, 17430817, 17431153, 17431537, 17431873, 17432257, 17432593, 17432977, 17433313, 17433697, 17434033, 17434417, 17434753, 17435137, 17435473, 17435857, 17436241, 17436577, 17436961, 17437297, 17437681, 17438017, 17438401, 17438737, 17439121, 17439457, 17439841, 17440177, 17440561, 17440897, 17441281, 17441617, 17442001, 17442337, 17442721, 17443057, 17443441, 17443777, 17444161, 17444497, 17444881, 17445265, 17445601, 17445985, 17446321, 17446705, 17447041, 17447425, 17447761, 17448145, 17448481, 17448865, 17449201, 17449585, 17449921, 17450305, 17450641, 17451025, 17451361, 17451745, 17452081, 17452465, 17452801, 17453185, 17453521, 17453905, 17454241, 17454625, 17455009, 17455345, 17455729, 17456065, 17456449, 17456785, 17457169, 17457505, 17457889, 17458225, 17458609, 17458945, 17459329, 17459665, 17460049, 17460385, 17460769, 17461105, 17461489, 16297711, 16298047, 16298335, 16298671, 16298959, 16299295, 16299583]"
0,60,Qwen/Qwen3-30B-A3B-Instruct-2507,1044,530,40073958838,48301525223,8227566385,1983220,32317138,15491964,"[12823286, 12823430, 12823622, 12823766, 12823910, 12824102, 12824246, 12824438, 12824582, 12824726, 12824918, 12825062, 12825206, 12825398, 12825542, 12825734, 12825878, 12826022, 12826214, 12826358, 12826550, 30374195, 13958737, 13958977, 13959169, 13959409, 13959601, 13959793, 13960033, 13960225, 13960465, 13960657, 13960897, 13961089, 13961281, 13961521, 13961713, 13961953, 13962145, 13962385, 13962577, 13962769, 13963009, 13963201, 13963441, 12819398, 12819590, 12819734, 12819878, 12820070, 12820214, 33630636, 13955665, 13955905, 13956097, 13956337, 13956529, 13956721, 13956961, 13957153, 13957393, 13957585, 13957777, 13958017, 13958209, 13958449, 13958641, 13958881, 12823142, 12823286, 12823478, 12823622, 12823814, 12823958, 12824102, 12824294, 12824438, 12824630, 12824774, 12824918, 12825110, 12825254, 12825446, 12825590, 12825734, 12825926, 12826070, 12826214, 12826406, 12826550, 12826742, 12826886, 12827030, 12827222, 12827366, 12827558, 12827702, 12827846, 12828038, 12828182, 12828374, 12828518, 12828662, 12828854, 12828998, 12829142, 12829334, 12829478, 12829670, 12829814, 12829958, 12830150, 12830294, 12830486, 12830630, 12830774, 12830966, 12831110, 12831302, 12831446, 12831590, 12831782, 12831926, 12832070, 12832262, 12832406, 12832598, 12832742, 30394787, 13962049, 13962289, 13962481, 13962721, 13962913, 13963105, 13963345, 13963537, 13963777, 13963969, 13964161, 13964401, 13964593, 13964833, 13965025, 13965265, 13965457, 13965649, 13965889, 13966081, 13966321, 13966513, 13966753, 13966945, 13967137, 13967377, 13967569, 13967809, 13968001, 13968193, 13968433, 13968625, 13968865, 13969057, 13969297, 13969489, 13969681, 13969921, 13970113, 13970353, 13970545, 13970785, 13970977, 13971169, 13971409, 13971601, 13971841, 13972033, 13972225, 13972465, 13972657, 13972897, 13973089, 13973329, 13973521, 13973713, 13973953, 13974145, 13974385, 13974577, 13974817, 13975009, 13975201, 13975441, 13975633, 13975873, 13976065, 13976305, 13976497, 13976689, 13976929, 13977121, 13977361, 13977553, 13977745, 13977985, 13978177, 13978417, 13978609, 13978849, 13979041, 13979233, 13979473, 13979665, 13979905, 13980097, 13980337, 13980529, 13980721, 13980961, 13981153, 13981393, 13981585, 13981777, 13982017, 13982209, 13982449, 13982641, 13982881, 13983073, 13983265, 13983505, 13983697, 13983937, 13984129, 13984369, 30504561, 13961857, 13962097, 13962289, 13962529, 13962721, 30402993, 38716132, 16257007, 16257295, 16257631, 16257919, 16258255, 16258543, 16258879, 16259167, 16259503, 16259791, 16260127, 16260415, 16260751, 16261039, 16261375, 16261663, 16261999, 16262287, 16262623, 16262911, 16263247, 16263535, 16263871, 16264159, 16264495, 16264783, 16265119, 16265407, 16265743, 16266031, 16266319, 16266655, 16266943, 16267279, 16267567, 16267903, 16268191, 16268527, 16268815, 16269151, 16269439, 16269775, 16270063, 16270399, 16270687, 16271023, 16271311, 16271647, 16271935, 16272271, 16272559, 16272895, 16273183, 16273519, 16273807, 16274143, 16274431, 16274767, 16275055, 16275391, 16275679, 16276015, 16276303, 16276639, 16276927, 30557020, 17428657, 17428993, 17429377, 17429713, 17430097, 17430433, 17430817, 17431153, 17431537, 17431873, 17432257, 17432593, 17432977, 17433313, 17433697, 17434033, 17434417, 17434753, 17435137, 17435473, 17435857, 17436241, 17436577, 17436961, 17437297, 17437681, 17438017, 17438401, 17438737, 17439121, 17439457, 17439841, 17440177, 17440561, 17440897, 17441281, 17441617, 17442001, 17442337, 17442721, 17443057, 17443441, 17443777, 17444161, 17444497, 17444881, 17445265, 17445601, 17445985, 17446321, 17446705, 17447041, 17447425, 17447761, 17448145, 17448481, 17448865, 17449201, 17449585, 17449921, 17450305, 17450641, 17451025, 17451361, 17451745, 17452081, 17452465, 17452801, 17453185, 17453521, 17453905, 17454241, 17454625, 17455009, 17455345, 17455729, 17456065, 17456449, 17456785, 17457169, 17457505, 17457889, 17458225, 17458609, 17458945, 17459329, 17459665, 17460049, 17460385, 17460769, 17461105, 17461489, 16297711, 16298047, 16298335, 16298671, 16298959, 16299295, 16299583, 15141029, 15141317, 15141557, 15141845, 15142085, 15142373, 33795403, 16283503, 16283791, 16284127, 16284415, 16284751, 16285039, 16285375, 16285663, 16285999, 16286287, 16286623, 16286911, 16287247, 16287535, 16287871, 16288159, 16288495, 16288783, 16289071, 16289407, 16289695, 16290031, 16290319, 16290655, 16290943, 16291279, 16291567, 16291903, 16292191, 16292527, 16292815, 16293151, 16293439, 16293775, 16294063, 16294399, 16294687, 16295023, 16295311, 16295647, 16295935, 16296271, 16296559, 16296895, 16297183, 16297519, 16297807, 16298143, 16298431, 16298767, 16299055, 16299391, 16299679, 16300015, 16300303, 16300591, 16300927, 16301215, 16301551, 16301839, 16302175, 16302463, 16302799, 16303087, 16303423, 16303711, 16304047, 16304335, 16304671, 16304959, 16305295, 16305583, 16305919, 16306207, 16306543, 16306831, 16307167, 16307455, 16307791, 16308079, 16308415, 16308703, 16309039, 16309327, 16309663, 16309951, 16310287, 16310575, 16310911, 16311199, 16311535, 16311823, 16312111, 16312447, 16312735, 16313071, 16313359, 16313695, 16313983, 16314319, 16314607, 16314943, 16315231, 16315567, 16315855, 16316191, 16316479, 16316815, 16317103, 16317439, 16317727, 16318063, 16318351, 16318687]"
0,62,Qwen/Qwen3-30B-A3B-Instruct-2507,1044,530,40368779026,48670952385,8302173359,6819940,37194135,15623779,"[13958737, 13958977, 13959169, 13959409, 13959601, 13959793, 13960033, 13960225, 13960465, 13960657, 13960897, 13961089, 13961281, 13961521, 13961713, 13961953, 13962145, 13962385, 13962577, 13962769, 13963009, 13963201, 13963441, 12819398, 12819590, 12819734, 12819878, 12820070, 12820214, 33630636, 13955665, 13955905, 13956097, 13956337, 13956529, 13956721, 13956961, 13957153, 13957393, 13957585, 13957777, 13958017, 13958209, 13958449, 13958641, 13958881, 12823142, 12823286, 12823478, 12823622, 12823814, 12823958, 12824102, 12824294, 12824438, 12824630, 12824774, 12824918, 12825110, 12825254, 12825446, 12825590, 12825734, 12825926, 12826070, 12826214, 12826406, 12826550, 12826742, 12826886, 12827030, 12827222, 12827366, 12827558, 12827702, 12827846, 12828038, 12828182, 12828374, 12828518, 12828662, 12828854, 12828998, 12829142, 12829334, 12829478, 12829670, 12829814, 12829958, 12830150, 12830294, 12830486, 12830630, 12830774, 12830966, 12831110, 12831302, 12831446, 12831590, 12831782, 12831926, 12832070, 12832262, 12832406, 12832598, 12832742, 30394787, 13962049, 13962289, 13962481, 13962721, 13962913, 13963105, 13963345, 13963537, 13963777, 13963969, 13964161, 13964401, 13964593, 13964833, 13965025, 13965265, 13965457, 13965649, 13965889, 13966081, 13966321, 13966513, 13966753, 13966945, 13967137, 13967377, 13967569, 13967809, 13968001, 13968193, 13968433, 13968625, 13968865, 13969057, 13969297, 13969489, 13969681, 13969921, 13970113, 13970353, 13970545, 13970785, 13970977, 13971169, 13971409, 13971601, 13971841, 13972033, 13972225, 13972465, 13972657, 13972897, 13973089, 13973329, 13973521, 13973713, 13973953, 13974145, 13974385, 13974577, 13974817, 13975009, 13975201, 13975441, 13975633, 13975873, 13976065, 13976305, 13976497, 13976689, 13976929, 13977121, 13977361, 13977553, 13977745, 13977985, 13978177, 13978417, 13978609, 13978849, 13979041, 13979233, 13979473, 13979665, 13979905, 13980097, 13980337, 13980529, 13980721, 13980961, 13981153, 13981393, 13981585, 13981777, 13982017, 13982209, 13982449, 13982641, 13982881, 13983073, 13983265, 13983505, 13983697, 13983937, 13984129, 13984369, 30504561, 13961857, 13962097, 13962289, 13962529, 13962721, 30402993, 38716132, 16257007, 16257295, 16257631, 16257919, 16258255, 16258543, 16258879, 16259167, 16259503, 16259791, 16260127, 16260415, 16260751, 16261039, 16261375, 16261663, 16261999, 16262287, 16262623, 16262911, 16263247, 16263535, 16263871, 16264159, 16264495, 16264783, 16265119, 16265407, 16265743, 16266031, 16266319, 16266655, 16266943, 16267279, 16267567, 16267903, 16268191, 16268527, 16268815, 16269151, 16269439, 16269775, 16270063, 16270399, 16270687, 16271023, 16271311, 16271647, 16271935, 16272271, 16272559, 16272895, 16273183, 16273519, 16273807, 16274143, 16274431, 16274767, 16275055, 16275391, 16275679, 16276015, 16276303, 16276639, 16276927, 30557020, 17428657, 17428993, 17429377, 17429713, 17430097, 17430433, 17430817, 17431153, 17431537, 17431873, 17432257, 17432593, 17432977, 17433313, 17433697, 17434033, 17434417, 17434753, 17435137, 17435473, 17435857, 17436241, 17436577, 17436961, 17437297, 17437681, 17438017, 17438401, 17438737, 17439121, 17439457, 17439841, 17440177, 17440561, 17440897, 17441281, 17441617, 17442001, 17442337, 17442721, 17443057, 17443441, 17443777, 17444161, 17444497, 17444881, 17445265, 17445601, 17445985, 17446321, 17446705, 17447041, 17447425, 17447761, 17448145, 17448481, 17448865, 17449201, 17449585, 17449921, 17450305, 17450641, 17451025, 17451361, 17451745, 17452081, 17452465, 17452801, 17453185, 17453521, 17453905, 17454241, 17454625, 17455009, 17455345, 17455729, 17456065, 17456449, 17456785, 17457169, 17457505, 17457889, 17458225, 17458609, 17458945, 17459329, 17459665, 17460049, 17460385, 17460769, 17461105, 17461489, 16297711, 16298047, 16298335, 16298671, 16298959, 16299295, 16299583, 15141029, 15141317, 15141557, 15141845, 15142085, 15142373, 33795403, 16283503, 16283791, 16284127, 16284415, 16284751, 16285039, 16285375, 16285663, 16285999, 16286287, 16286623, 16286911, 16287247, 16287535, 16287871, 16288159, 16288495, 16288783, 16289071, 16289407, 16289695, 16290031, 16290319, 16290655, 16290943, 16291279, 16291567, 16291903, 16292191, 16292527, 16292815, 16293151, 16293439, 16293775, 16294063, 16294399, 16294687, 16295023, 16295311, 16295647, 16295935, 16296271, 16296559, 16296895, 16297183, 16297519, 16297807, 16298143, 16298431, 16298767, 16299055, 16299391, 16299679, 16300015, 16300303, 16300591, 16300927, 16301215, 16301551, 16301839, 16302175, 16302463, 16302799, 16303087, 16303423, 16303711, 16304047, 16304335, 16304671, 16304959, 16305295, 16305583, 16305919, 16306207, 16306543, 16306831, 16307167, 16307455, 16307791, 16308079, 16308415, 16308703, 16309039, 16309327, 16309663, 16309951, 16310287, 16310575, 16310911, 16311199, 16311535, 16311823, 16312111, 16312447, 16312735, 16313071, 16313359, 16313695, 16313983, 16314319, 16314607, 16314943, 16315231, 16315567, 16315855, 16316191, 16316479, 16316815, 16317103, 16317439, 16317727, 16318063, 16318351, 16318687, 15162773, 15163013, 15163301, 15163541, 15163829, 15164069, 33863083, 16303375, 16303711, 16303999, 16304335, 16304623, 16304959, 16305247, 16305583, 16305871, 16306207, 16306495, 16306831, 16307119, 16307455, 16307743]"
0,59,Qwen/Qwen3-30B-A3B-Instruct-2507,1176,159,46403117461,49040088331,2636970870,6289065,40084468,16435989,"[16283503, 16283791, 16284127, 16284415, 16284751, 16285039, 16285375, 16285663, 16285999, 16286287, 16286623, 16286911, 16287247, 16287535, 16287871, 16288159, 16288495, 16288783, 16289071, 16289407, 16289695, 16290031, 16290319, 16290655, 16290943, 16291279, 16291567, 16291903, 16292191, 16292527, 16292815, 16293151, 16293439, 16293775, 16294063, 16294399, 16294687, 16295023, 16295311, 16295647, 16295935, 16296271, 16296559, 16296895, 16297183, 16297519, 16297807, 16298143, 16298431, 16298767, 16299055, 16299391, 16299679, 16300015, 16300303, 16300591, 16300927, 16301215, 16301551, 16301839, 16302175, 16302463, 16302799, 16303087, 16303423, 16303711, 16304047, 16304335, 16304671, 16304959, 16305295, 16305583, 16305919, 16306207, 16306543, 16306831, 16307167, 16307455, 16307791, 16308079, 16308415, 16308703, 16309039, 16309327, 16309663, 16309951, 16310287, 16310575, 16310911, 16311199, 16311535, 16311823, 16312111, 16312447, 16312735, 16313071, 16313359, 16313695, 16313983, 16314319, 16314607, 16314943, 16315231, 16315567, 16315855, 16316191, 16316479, 16316815, 16317103, 16317439, 16317727, 16318063, 16318351, 16318687, 15162773, 15163013, 15163301, 15163541, 15163829, 15164069, 33863083, 16303375, 16303711, 16303999, 16304335, 16304623, 16304959, 16305247, 16305583, 16305871, 16306207, 16306495, 16306831, 16307119, 16307455, 16307743, 15149285, 15149525, 15149813, 15150053, 15150341, 15150581, 33822715, 16292047, 16292383, 16292671, 16293007, 16293295, 16293631, 16293919, 16294255, 16294543, 16294879, 16295167, 16295503, 16295791, 16296127, 16296415]"
0,64,Qwen/Qwen3-30B-A3B-Instruct-2507,1044,530,41818519166,50328705924,8510186758,12101546,42496333,16006976,"[13962049, 13962289, 13962481, 13962721, 13962913, 13963105, 13963345, 13963537, 13963777, 13963969, 13964161, 13964401, 13964593, 13964833, 13965025, 13965265, 13965457, 13965649, 13965889, 13966081, 13966321, 13966513, 13966753, 13966945, 13967137, 13967377, 13967569, 13967809, 13968001, 13968193, 13968433, 13968625, 13968865, 13969057, 13969297, 13969489, 13969681, 13969921, 13970113, 13970353, 13970545, 13970785, 13970977, 13971169, 13971409, 13971601, 13971841, 13972033, 13972225, 13972465, 13972657, 13972897, 13973089, 13973329, 13973521, 13973713, 13973953, 13974145, 13974385, 13974577, 13974817, 13975009, 13975201, 13975441, 13975633, 13975873, 13976065, 13976305, 13976497, 13976689, 13976929, 13977121, 13977361, 13977553, 13977745, 13977985, 13978177, 13978417, 13978609, 13978849, 13979041, 13979233, 13979473, 13979665, 13979905, 13980097, 13980337, 13980529, 13980721, 13980961, 13981153, 13981393, 13981585, 13981777, 13982017, 13982209, 13982449, 13982641, 13982881, 13983073, 13983265, 13983505, 13983697, 13983937, 13984129, 13984369, 30504561, 13961857, 13962097, 13962289, 13962529, 13962721, 30402993, 38716132, 16257007, 16257295, 16257631, 16257919, 16258255, 16258543, 16258879, 16259167, 16259503, 16259791, 16260127, 16260415, 16260751, 16261039, 16261375, 16261663, 16261999, 16262287, 16262623, 16262911, 16263247, 16263535, 16263871, 16264159, 16264495, 16264783, 16265119, 16265407, 16265743, 16266031, 16266319, 16266655, 16266943, 16267279, 16267567, 16267903, 16268191, 16268527, 16268815, 16269151, 16269439, 16269775, 16270063, 16270399, 16270687, 16271023, 16271311, 16271647, 16271935, 16272271, 16272559, 16272895, 16273183, 16273519, 16273807, 16274143, 16274431, 16274767, 16275055, 16275391, 16275679, 16276015, 16276303, 16276639, 16276927, 30557020, 17428657, 17428993, 17429377, 17429713, 17430097, 17430433, 17430817, 17431153, 17431537, 17431873, 17432257, 17432593, 17432977, 17433313, 17433697, 17434033, 17434417, 17434753, 17435137, 17435473, 17435857, 17436241, 17436577, 17436961, 17437297, 17437681, 17438017, 17438401, 17438737, 17439121, 17439457, 17439841, 17440177, 17440561, 17440897, 17441281, 17441617, 17442001, 17442337, 17442721, 17443057, 17443441, 17443777, 17444161, 17444497, 17444881, 17445265, 17445601, 17445985, 17446321, 17446705, 17447041, 17447425, 17447761, 17448145, 17448481, 17448865, 17449201, 17449585, 17449921, 17450305, 17450641, 17451025, 17451361, 17451745, 17452081, 17452465, 17452801, 17453185, 17453521, 17453905, 17454241, 17454625, 17455009, 17455345, 17455729, 17456065, 17456449, 17456785, 17457169, 17457505, 17457889, 17458225, 17458609, 17458945, 17459329, 17459665, 17460049, 17460385, 17460769, 17461105, 17461489, 16297711, 16298047, 16298335, 16298671, 16298959, 16299295, 16299583, 15141029, 15141317, 15141557, 15141845, 15142085, 15142373, 33795403, 16283503, 16283791, 16284127, 16284415, 16284751, 16285039, 16285375, 16285663, 16285999, 16286287, 16286623, 16286911, 16287247, 16287535, 16287871, 16288159, 16288495, 16288783, 16289071, 16289407, 16289695, 16290031, 16290319, 16290655, 16290943, 16291279, 16291567, 16291903, 16292191, 16292527, 16292815, 16293151, 16293439, 16293775, 16294063, 16294399, 16294687, 16295023, 16295311, 16295647, 16295935, 16296271, 16296559, 16296895, 16297183, 16297519, 16297807, 16298143, 16298431, 16298767, 16299055, 16299391, 16299679, 16300015, 16300303, 16300591, 16300927, 16301215, 16301551, 16301839, 16302175, 16302463, 16302799, 16303087, 16303423, 16303711, 16304047, 16304335, 16304671, 16304959, 16305295, 16305583, 16305919, 16306207, 16306543, 16306831, 16307167, 16307455, 16307791, 16308079, 16308415, 16308703, 16309039, 16309327, 16309663, 16309951, 16310287, 16310575, 16310911, 16311199, 16311535, 16311823, 16312111, 16312447, 16312735, 16313071, 16313359, 16313695, 16313983, 16314319, 16314607, 16314943, 16315231, 16315567, 16315855, 16316191, 16316479, 16316815, 16317103, 16317439, 16317727, 16318063, 16318351, 16318687, 15162773, 15163013, 15163301, 15163541, 15163829, 15164069, 33863083, 16303375, 16303711, 16303999, 16304335, 16304623, 16304959, 16305247, 16305583, 16305871, 16306207, 16306495, 16306831, 16307119, 16307455, 16307743, 15149285, 15149525, 15149813, 15150053, 15150341, 15150581, 33822715, 16292047, 16292383, 16292671, 16293007, 16293295, 16293631, 16293919, 16294255, 16294543, 16294879, 16295167, 16295503, 16295791, 16296127, 16296415, 15149189, 15149477, 15149717, 15150005, 15150245, 15150533, 15150773, 15151061, 15151301, 15151589, 15151829, 15152069, 15152357, 15152597, 15152885, 15153125, 15153413, 15153653, 15153941, 15154181, 15154469, 15154709, 15154949, 15155237, 15155477, 15155765, 15156005, 15156293, 15156533, 15156821, 15157061, 15157349, 15157589, 15157829, 15158117, 15158357, 15158645, 15158885, 15159173, 15159413, 15159701, 15159941, 15160229, 15160469, 15160709, 15160997, 15161237, 15161525, 15161765, 15162053, 15162293, 15162581, 15162821, 15163109, 15163349, 15163589, 15163877, 15164117, 15164405, 15164645, 15164933, 15165173, 15165461, 15165701, 15165989, 15166229, 15166469, 15166757, 15166997, 15167285, 15167525, 15167813, 15168053, 15168341, 15168581, 15168869, 15169109, 15169349, 15169637, 15169877, 15170165, 15170405, 15170693, 15170933, 15171221]"
0,61,Qwen/Qwen3-30B-A3B-Instruct-2507,1176,159,48386086364,50884925975,2498839611,6419385,40282468,15560488,"[16303375, 16303711, 16303999, 16304335, 16304623, 16304959, 16305247, 16305583, 16305871, 16306207, 16306495, 16306831, 16307119, 16307455, 16307743, 15149285, 15149525, 15149813, 15150053, 15150341, 15150581, 33822715, 16292047, 16292383, 16292671, 16293007, 16293295, 16293631, 16293919, 16294255, 16294543, 16294879, 16295167, 16295503, 16295791, 16296127, 16296415, 15149189, 15149477, 15149717, 15150005, 15150245, 15150533, 15150773, 15151061, 15151301, 15151589, 15151829, 15152069, 15152357, 15152597, 15152885, 15153125, 15153413, 15153653, 15153941, 15154181, 15154469, 15154709, 15154949, 15155237, 15155477, 15155765, 15156005, 15156293, 15156533, 15156821, 15157061, 15157349, 15157589, 15157829, 15158117, 15158357, 15158645, 15158885, 15159173, 15159413, 15159701, 15159941, 15160229, 15160469, 15160709, 15160997, 15161237, 15161525, 15161765, 15162053, 15162293, 15162581, 15162821, 15163109, 15163349, 15163589, 15163877, 15164117, 15164405, 15164645, 15164933, 15165173, 15165461, 15165701, 15165989, 15166229, 15166469, 15166757, 15166997, 15167285, 15167525, 15167813, 15168053, 15168341, 15168581, 15168869, 15169109, 15169349, 15169637, 15169877, 15170165, 15170405, 15170693, 15170933, 15171221, 13993633, 13993825, 13994065, 13994257, 13994449, 13994689, 13994881, 33808160, 15155477, 15155717, 15156005, 15156245, 15156533, 15156773, 15157061, 15157301, 15157541, 15157829, 15158069, 15158357, 15158597, 15158885, 15159125, 15159413, 15159653, 15159941, 15160181, 15160421, 15160709, 15160949, 15161237, 15161477, 15161765, 15162005, 15162293, 15162533]"
0,63,Qwen/Qwen3-30B-A3B-Instruct-2507,1176,159,48755513526,51192884493,2437370967,6338457,40161172,15172213,"[16292047, 16292383, 16292671, 16293007, 16293295, 16293631, 16293919, 16294255, 16294543, 16294879, 16295167, 16295503, 16295791, 16296127, 16296415, 15149189, 15149477, 15149717, 15150005, 15150245, 15150533, 15150773, 15151061, 15151301, 15151589, 15151829, 15152069, 15152357, 15152597, 15152885, 15153125, 15153413, 15153653, 15153941, 15154181, 15154469, 15154709, 15154949, 15155237, 15155477, 15155765, 15156005, 15156293, 15156533, 15156821, 15157061, 15157349, 15157589, 15157829, 15158117, 15158357, 15158645, 15158885, 15159173, 15159413, 15159701, 15159941, 15160229, 15160469, 15160709, 15160997, 15161237, 15161525, 15161765, 15162053, 15162293, 15162581, 15162821, 15163109, 15163349, 15163589, 15163877, 15164117, 15164405, 15164645, 15164933, 15165173, 15165461, 15165701, 15165989, 15166229, 15166469, 15166757, 15166997, 15167285, 15167525, 15167813, 15168053, 15168341, 15168581, 15168869, 15169109, 15169349, 15169637, 15169877, 15170165, 15170405, 15170693, 15170933, 15171221, 13993633, 13993825, 13994065, 13994257, 13994449, 13994689, 13994881, 33808160, 15155477, 15155717, 15156005, 15156245, 15156533, 15156773, 15157061, 15157301, 15157541, 15157829, 15158069, 15158357, 15158597, 15158885, 15159125, 15159413, 15159653, 15159941, 15160181, 15160421, 15160709, 15160949, 15161237, 15161477, 15161765, 15162005, 15162293, 15162533, 13995889, 13996081, 13996321, 13996513, 13996753, 13996945, 13997137, 13997377, 13997569, 13997809, 13998001, 13998241, 13998433, 13998625, 13998865, 13999057, 13999297, 13999489, 13999729, 13999921, 14000113, 14000353]"
0,66,Qwen/Qwen3-30B-A3B-Instruct-2507,1044,530,43331636207,51822863891,8491227684,10538918,41043479,15973883,"[13961857, 13962097, 13962289, 13962529, 13962721, 30402993, 38716132, 16257007, 16257295, 16257631, 16257919, 16258255, 16258543, 16258879, 16259167, 16259503, 16259791, 16260127, 16260415, 16260751, 16261039, 16261375, 16261663, 16261999, 16262287, 16262623, 16262911, 16263247, 16263535, 16263871, 16264159, 16264495, 16264783, 16265119, 16265407, 16265743, 16266031, 16266319, 16266655, 16266943, 16267279, 16267567, 16267903, 16268191, 16268527, 16268815, 16269151, 16269439, 16269775, 16270063, 16270399, 16270687, 16271023, 16271311, 16271647, 16271935, 16272271, 16272559, 16272895, 16273183, 16273519, 16273807, 16274143, 16274431, 16274767, 16275055, 16275391, 16275679, 16276015, 16276303, 16276639, 16276927, 30557020, 17428657, 17428993, 17429377, 17429713, 17430097, 17430433, 17430817, 17431153, 17431537, 17431873, 17432257, 17432593, 17432977, 17433313, 17433697, 17434033, 17434417, 17434753, 17435137, 17435473, 17435857, 17436241, 17436577, 17436961, 17437297, 17437681, 17438017, 17438401, 17438737, 17439121, 17439457, 17439841, 17440177, 17440561, 17440897, 17441281, 17441617, 17442001, 17442337, 17442721, 17443057, 17443441, 17443777, 17444161, 17444497, 17444881, 17445265, 17445601, 17445985, 17446321, 17446705, 17447041, 17447425, 17447761, 17448145, 17448481, 17448865, 17449201, 17449585, 17449921, 17450305, 17450641, 17451025, 17451361, 17451745, 17452081, 17452465, 17452801, 17453185, 17453521, 17453905, 17454241, 17454625, 17455009, 17455345, 17455729, 17456065, 17456449, 17456785, 17457169, 17457505, 17457889, 17458225, 17458609, 17458945, 17459329, 17459665, 17460049, 17460385, 17460769, 17461105, 17461489, 16297711, 16298047, 16298335, 16298671, 16298959, 16299295, 16299583, 15141029, 15141317, 15141557, 15141845, 15142085, 15142373, 33795403, 16283503, 16283791, 16284127, 16284415, 16284751, 16285039, 16285375, 16285663, 16285999, 16286287, 16286623, 16286911, 16287247, 16287535, 16287871, 16288159, 16288495, 16288783, 16289071, 16289407, 16289695, 16290031, 16290319, 16290655, 16290943, 16291279, 16291567, 16291903, 16292191, 16292527, 16292815, 16293151, 16293439, 16293775, 16294063, 16294399, 16294687, 16295023, 16295311, 16295647, 16295935, 16296271, 16296559, 16296895, 16297183, 16297519, 16297807, 16298143, 16298431, 16298767, 16299055, 16299391, 16299679, 16300015, 16300303, 16300591, 16300927, 16301215, 16301551, 16301839, 16302175, 16302463, 16302799, 16303087, 16303423, 16303711, 16304047, 16304335, 16304671, 16304959, 16305295, 16305583, 16305919, 16306207, 16306543, 16306831, 16307167, 16307455, 16307791, 16308079, 16308415, 16308703, 16309039, 16309327, 16309663, 16309951, 16310287, 16310575, 16310911, 16311199, 16311535, 16311823, 16312111, 16312447, 16312735, 16313071, 16313359, 16313695, 16313983, 16314319, 16314607, 16314943, 16315231, 16315567, 16315855, 16316191, 16316479, 16316815, 16317103, 16317439, 16317727, 16318063, 16318351, 16318687, 15162773, 15163013, 15163301, 15163541, 15163829, 15164069, 33863083, 16303375, 16303711, 16303999, 16304335, 16304623, 16304959, 16305247, 16305583, 16305871, 16306207, 16306495, 16306831, 16307119, 16307455, 16307743, 15149285, 15149525, 15149813, 15150053, 15150341, 15150581, 33822715, 16292047, 16292383, 16292671, 16293007, 16293295, 16293631, 16293919, 16294255, 16294543, 16294879, 16295167, 16295503, 16295791, 16296127, 16296415, 15149189, 15149477, 15149717, 15150005, 15150245, 15150533, 15150773, 15151061, 15151301, 15151589, 15151829, 15152069, 15152357, 15152597, 15152885, 15153125, 15153413, 15153653, 15153941, 15154181, 15154469, 15154709, 15154949, 15155237, 15155477, 15155765, 15156005, 15156293, 15156533, 15156821, 15157061, 15157349, 15157589, 15157829, 15158117, 15158357, 15158645, 15158885, 15159173, 15159413, 15159701, 15159941, 15160229, 15160469, 15160709, 15160997, 15161237, 15161525, 15161765, 15162053, 15162293, 15162581, 15162821, 15163109, 15163349, 15163589, 15163877, 15164117, 15164405, 15164645, 15164933, 15165173, 15165461, 15165701, 15165989, 15166229, 15166469, 15166757, 15166997, 15167285, 15167525, 15167813, 15168053, 15168341, 15168581, 15168869, 15169109, 15169349, 15169637, 15169877, 15170165, 15170405, 15170693, 15170933, 15171221, 13993633, 13993825, 13994065, 13994257, 13994449, 13994689, 13994881, 33808160, 15155477, 15155717, 15156005, 15156245, 15156533, 15156773, 15157061, 15157301, 15157541, 15157829, 15158069, 15158357, 15158597, 15158885, 15159125, 15159413, 15159653, 15159941, 15160181, 15160421, 15160709, 15160949, 15161237, 15161477, 15161765, 15162005, 15162293, 15162533, 13995889, 13996081, 13996321, 13996513, 13996753, 13996945, 13997137, 13997377, 13997569, 13997809, 13998001, 13998241, 13998433, 13998625, 13998865, 13999057, 13999297, 13999489, 13999729, 13999921, 14000113, 14000353, 12852806, 12852998, 12853142, 12853286, 12853478, 12853622, 12853814, 12853958, 12854102, 12854294, 12854438, 12854630, 12854774, 12854918, 12855110, 12855254, 12855398, 12855590, 12855734, 12855926, 12856070, 12856214, 12856406, 12856550, 12856742, 12856886, 12857030, 12857222, 12857366, 12857558, 12857702, 12857846, 12858038, 12858182, 12858326, 12858518, 12858662, 12858854, 12858998, 12859142, 12859334, 12859478, 12859670, 12859814, 12859958, 12860150, 12860294, 12860486, 12860630]"
0,68,Qwen/Qwen3-30B-A3B-Instruct-2507,1044,530,43439350107,51888191543,8448841436,3141072,33544065,15907934,"[38716132, 16257007, 16257295, 16257631, 16257919, 16258255, 16258543, 16258879, 16259167, 16259503, 16259791, 16260127, 16260415, 16260751, 16261039, 16261375, 16261663, 16261999, 16262287, 16262623, 16262911, 16263247, 16263535, 16263871, 16264159, 16264495, 16264783, 16265119, 16265407, 16265743, 16266031, 16266319, 16266655, 16266943, 16267279, 16267567, 16267903, 16268191, 16268527, 16268815, 16269151, 16269439, 16269775, 16270063, 16270399, 16270687, 16271023, 16271311, 16271647, 16271935, 16272271, 16272559, 16272895, 16273183, 16273519, 16273807, 16274143, 16274431, 16274767, 16275055, 16275391, 16275679, 16276015, 16276303, 16276639, 16276927, 30557020, 17428657, 17428993, 17429377, 17429713, 17430097, 17430433, 17430817, 17431153, 17431537, 17431873, 17432257, 17432593, 17432977, 17433313, 17433697, 17434033, 17434417, 17434753, 17435137, 17435473, 17435857, 17436241, 17436577, 17436961, 17437297, 17437681, 17438017, 17438401, 17438737, 17439121, 17439457, 17439841, 17440177, 17440561, 17440897, 17441281, 17441617, 17442001, 17442337, 17442721, 17443057, 17443441, 17443777, 17444161, 17444497, 17444881, 17445265, 17445601, 17445985, 17446321, 17446705, 17447041, 17447425, 17447761, 17448145, 17448481, 17448865, 17449201, 17449585, 17449921, 17450305, 17450641, 17451025, 17451361, 17451745, 17452081, 17452465, 17452801, 17453185, 17453521, 17453905, 17454241, 17454625, 17455009, 17455345, 17455729, 17456065, 17456449, 17456785, 17457169, 17457505, 17457889, 17458225, 17458609, 17458945, 17459329, 17459665, 17460049, 17460385, 17460769, 17461105, 17461489, 16297711, 16298047, 16298335, 16298671, 16298959, 16299295, 16299583, 15141029, 15141317, 15141557, 15141845, 15142085, 15142373, 33795403, 16283503, 16283791, 16284127, 16284415, 16284751, 16285039, 16285375, 16285663, 16285999, 16286287, 16286623, 16286911, 16287247, 16287535, 16287871, 16288159, 16288495, 16288783, 16289071, 16289407, 16289695, 16290031, 16290319, 16290655, 16290943, 16291279, 16291567, 16291903, 16292191, 16292527, 16292815, 16293151, 16293439, 16293775, 16294063, 16294399, 16294687, 16295023, 16295311, 16295647, 16295935, 16296271, 16296559, 16296895, 16297183, 16297519, 16297807, 16298143, 16298431, 16298767, 16299055, 16299391, 16299679, 16300015, 16300303, 16300591, 16300927, 16301215, 16301551, 16301839, 16302175, 16302463, 16302799, 16303087, 16303423, 16303711, 16304047, 16304335, 16304671, 16304959, 16305295, 16305583, 16305919, 16306207, 16306543, 16306831, 16307167, 16307455, 16307791, 16308079, 16308415, 16308703, 16309039, 16309327, 16309663, 16309951, 16310287, 16310575, 16310911, 16311199, 16311535, 16311823, 16312111, 16312447, 16312735, 16313071, 16313359, 16313695, 16313983, 16314319, 16314607, 16314943, 16315231, 16315567, 16315855, 16316191, 16316479, 16316815, 16317103, 16317439, 16317727, 16318063, 16318351, 16318687, 15162773, 15163013, 15163301, 15163541, 15163829, 15164069, 33863083, 16303375, 16303711, 16303999, 16304335, 16304623, 16304959, 16305247, 16305583, 16305871, 16306207, 16306495, 16306831, 16307119, 16307455, 16307743, 15149285, 15149525, 15149813, 15150053, 15150341, 15150581, 33822715, 16292047, 16292383, 16292671, 16293007, 16293295, 16293631, 16293919, 16294255, 16294543, 16294879, 16295167, 16295503, 16295791, 16296127, 16296415, 15149189, 15149477, 15149717, 15150005, 15150245, 15150533, 15150773, 15151061, 15151301, 15151589, 15151829, 15152069, 15152357, 15152597, 15152885, 15153125, 15153413, 15153653, 15153941, 15154181, 15154469, 15154709, 15154949, 15155237, 15155477, 15155765, 15156005, 15156293, 15156533, 15156821, 15157061, 15157349, 15157589, 15157829, 15158117, 15158357, 15158645, 15158885, 15159173, 15159413, 15159701, 15159941, 15160229, 15160469, 15160709, 15160997, 15161237, 15161525, 15161765, 15162053, 15162293, 15162581, 15162821, 15163109, 15163349, 15163589, 15163877, 15164117, 15164405, 15164645, 15164933, 15165173, 15165461, 15165701, 15165989, 15166229, 15166469, 15166757, 15166997, 15167285, 15167525, 15167813, 15168053, 15168341, 15168581, 15168869, 15169109, 15169349, 15169637, 15169877, 15170165, 15170405, 15170693, 15170933, 15171221, 13993633, 13993825, 13994065, 13994257, 13994449, 13994689, 13994881, 33808160, 15155477, 15155717, 15156005, 15156245, 15156533, 15156773, 15157061, 15157301, 15157541, 15157829, 15158069, 15158357, 15158597, 15158885, 15159125, 15159413, 15159653, 15159941, 15160181, 15160421, 15160709, 15160949, 15161237, 15161477, 15161765, 15162005, 15162293, 15162533, 13995889, 13996081, 13996321, 13996513, 13996753, 13996945, 13997137, 13997377, 13997569, 13997809, 13998001, 13998241, 13998433, 13998625, 13998865, 13999057, 13999297, 13999489, 13999729, 13999921, 14000113, 14000353, 12852806, 12852998, 12853142, 12853286, 12853478, 12853622, 12853814, 12853958, 12854102, 12854294, 12854438, 12854630, 12854774, 12854918, 12855110, 12855254, 12855398, 12855590, 12855734, 12855926, 12856070, 12856214, 12856406, 12856550, 12856742, 12856886, 12857030, 12857222, 12857366, 12857558, 12857702, 12857846, 12858038, 12858182, 12858326, 12858518, 12858662, 12858854, 12858998, 12859142, 12859334, 12859478, 12859670, 12859814, 12859958, 12860150, 12860294, 12860486, 12860630, 10887638, 10887734, 10887878, 10888022, 10888118, 10888262]"
0,65,Qwen/Qwen3-30B-A3B-Instruct-2507,1176,159,50413267065,52592838785,2179571720,13398658,47206818,13495980,"[15155477, 15155717, 15156005, 15156245, 15156533, 15156773, 15157061, 15157301, 15157541, 15157829, 15158069, 15158357, 15158597, 15158885, 15159125, 15159413, 15159653, 15159941, 15160181, 15160421, 15160709, 15160949, 15161237, 15161477, 15161765, 15162005, 15162293, 15162533, 13995889, 13996081, 13996321, 13996513, 13996753, 13996945, 13997137, 13997377, 13997569, 13997809, 13998001, 13998241, 13998433, 13998625, 13998865, 13999057, 13999297, 13999489, 13999729, 13999921, 14000113, 14000353, 12852806, 12852998, 12853142, 12853286, 12853478, 12853622, 12853814, 12853958, 12854102, 12854294, 12854438, 12854630, 12854774, 12854918, 12855110, 12855254, 12855398, 12855590, 12855734, 12855926, 12856070, 12856214, 12856406, 12856550, 12856742, 12856886, 12857030, 12857222, 12857366, 12857558, 12857702, 12857846, 12858038, 12858182, 12858326, 12858518, 12858662, 12858854, 12858998, 12859142, 12859334, 12859478, 12859670, 12859814, 12859958, 12860150, 12860294, 12860486, 12860630, 10887638, 10887734, 10887878, 10888022, 10888118, 10888262, 8936330, 8936426, 8936522, 33688019, 10874294, 10874438, 10874582, 33672265, 12837638, 12837782, 12837974, 12838118, 12838262, 12838454, 12838598, 12838790, 12838934, 12839078, 12839270, 12839414, 12839558, 12839750, 12839894, 12840086, 12840230, 12840374, 12840566, 12840710, 12840902, 12841046, 12841190, 12841382, 12841526, 12841718, 12841862, 12842006, 12842198, 12842342, 12842486, 12842678, 12842822, 12843014, 12843158, 12843302, 12843494, 12843638, 12843830, 12843974, 12844118, 12844310, 12844454, 12844646, 12844790]"
0,70,Qwen/Qwen3-30B-A3B-Instruct-2507,1044,530,44560094331,52745144709,8185050378,8868756,39425776,15398156,"[17428657, 17428993, 17429377, 17429713, 17430097, 17430433, 17430817, 17431153, 17431537, 17431873, 17432257, 17432593, 17432977, 17433313, 17433697, 17434033, 17434417, 17434753, 17435137, 17435473, 17435857, 17436241, 17436577, 17436961, 17437297, 17437681, 17438017, 17438401, 17438737, 17439121, 17439457, 17439841, 17440177, 17440561, 17440897, 17441281, 17441617, 17442001, 17442337, 17442721, 17443057, 17443441, 17443777, 17444161, 17444497, 17444881, 17445265, 17445601, 17445985, 17446321, 17446705, 17447041, 17447425, 17447761, 17448145, 17448481, 17448865, 17449201, 17449585, 17449921, 17450305, 17450641, 17451025, 17451361, 17451745, 17452081, 17452465, 17452801, 17453185, 17453521, 17453905, 17454241, 17454625, 17455009, 17455345, 17455729, 17456065, 17456449, 17456785, 17457169, 17457505, 17457889, 17458225, 17458609, 17458945, 17459329, 17459665, 17460049, 17460385, 17460769, 17461105, 17461489, 16297711, 16298047, 16298335, 16298671, 16298959, 16299295, 16299583, 15141029, 15141317, 15141557, 15141845, 15142085, 15142373, 33795403, 16283503, 16283791, 16284127, 16284415, 16284751, 16285039, 16285375, 16285663, 16285999, 16286287, 16286623, 16286911, 16287247, 16287535, 16287871, 16288159, 16288495, 16288783, 16289071, 16289407, 16289695, 16290031, 16290319, 16290655, 16290943, 16291279, 16291567, 16291903, 16292191, 16292527, 16292815, 16293151, 16293439, 16293775, 16294063, 16294399, 16294687, 16295023, 16295311, 16295647, 16295935, 16296271, 16296559, 16296895, 16297183, 16297519, 16297807, 16298143, 16298431, 16298767, 16299055, 16299391, 16299679, 16300015, 16300303, 16300591, 16300927, 16301215, 16301551, 16301839, 16302175, 16302463, 16302799, 16303087, 16303423, 16303711, 16304047, 16304335, 16304671, 16304959, 16305295, 16305583, 16305919, 16306207, 16306543, 16306831, 16307167, 16307455, 16307791, 16308079, 16308415, 16308703, 16309039, 16309327, 16309663, 16309951, 16310287, 16310575, 16310911, 16311199, 16311535, 16311823, 16312111, 16312447, 16312735, 16313071, 16313359, 16313695, 16313983, 16314319, 16314607, 16314943, 16315231, 16315567, 16315855, 16316191, 16316479, 16316815, 16317103, 16317439, 16317727, 16318063, 16318351, 16318687, 15162773, 15163013, 15163301, 15163541, 15163829, 15164069, 33863083, 16303375, 16303711, 16303999, 16304335, 16304623, 16304959, 16305247, 16305583, 16305871, 16306207, 16306495, 16306831, 16307119, 16307455, 16307743, 15149285, 15149525, 15149813, 15150053, 15150341, 15150581, 33822715, 16292047, 16292383, 16292671, 16293007, 16293295, 16293631, 16293919, 16294255, 16294543, 16294879, 16295167, 16295503, 16295791, 16296127, 16296415, 15149189, 15149477, 15149717, 15150005, 15150245, 15150533, 15150773, 15151061, 15151301, 15151589, 15151829, 15152069, 15152357, 15152597, 15152885, 15153125, 15153413, 15153653, 15153941, 15154181, 15154469, 15154709, 15154949, 15155237, 15155477, 15155765, 15156005, 15156293, 15156533, 15156821, 15157061, 15157349, 15157589, 15157829, 15158117, 15158357, 15158645, 15158885, 15159173, 15159413, 15159701, 15159941, 15160229, 15160469, 15160709, 15160997, 15161237, 15161525, 15161765, 15162053, 15162293, 15162581, 15162821, 15163109, 15163349, 15163589, 15163877, 15164117, 15164405, 15164645, 15164933, 15165173, 15165461, 15165701, 15165989, 15166229, 15166469, 15166757, 15166997, 15167285, 15167525, 15167813, 15168053, 15168341, 15168581, 15168869, 15169109, 15169349, 15169637, 15169877, 15170165, 15170405, 15170693, 15170933, 15171221, 13993633, 13993825, 13994065, 13994257, 13994449, 13994689, 13994881, 33808160, 15155477, 15155717, 15156005, 15156245, 15156533, 15156773, 15157061, 15157301, 15157541, 15157829, 15158069, 15158357, 15158597, 15158885, 15159125, 15159413, 15159653, 15159941, 15160181, 15160421, 15160709, 15160949, 15161237, 15161477, 15161765, 15162005, 15162293, 15162533, 13995889, 13996081, 13996321, 13996513, 13996753, 13996945, 13997137, 13997377, 13997569, 13997809, 13998001, 13998241, 13998433, 13998625, 13998865, 13999057, 13999297, 13999489, 13999729, 13999921, 14000113, 14000353, 12852806, 12852998, 12853142, 12853286, 12853478, 12853622, 12853814, 12853958, 12854102, 12854294, 12854438, 12854630, 12854774, 12854918, 12855110, 12855254, 12855398, 12855590, 12855734, 12855926, 12856070, 12856214, 12856406, 12856550, 12856742, 12856886, 12857030, 12857222, 12857366, 12857558, 12857702, 12857846, 12858038, 12858182, 12858326, 12858518, 12858662, 12858854, 12858998, 12859142, 12859334, 12859478, 12859670, 12859814, 12859958, 12860150, 12860294, 12860486, 12860630, 10887638, 10887734, 10887878, 10888022, 10888118, 10888262, 8936330, 8936426, 8936522, 33688019, 10874294, 10874438, 10874582, 33672265, 12837638, 12837782, 12837974, 12838118, 12838262, 12838454, 12838598, 12838790, 12838934, 12839078, 12839270, 12839414, 12839558, 12839750, 12839894, 12840086, 12840230, 12840374, 12840566, 12840710, 12840902, 12841046, 12841190, 12841382, 12841526, 12841718, 12841862, 12842006, 12842198, 12842342, 12842486, 12842678, 12842822, 12843014, 12843158, 12843302, 12843494, 12843638, 12843830, 12843974, 12844118, 12844310, 12844454, 12844646, 12844790, 10878134, 10878278, 10878422, 10878566, 10878662, 10878806, 10878950, 10879046, 10879190, 10879334, 10879430, 10879574, 10879718, 10879814]"
0,67,Qwen/Qwen3-30B-A3B-Instruct-2507,1176,159,51907425032,53780148052,1872723020,7575789,41263808,11591514,"[10874294, 10874438, 10874582, 33672265, 12837638, 12837782, 12837974, 12838118, 12838262, 12838454, 12838598, 12838790, 12838934, 12839078, 12839270, 12839414, 12839558, 12839750, 12839894, 12840086, 12840230, 12840374, 12840566, 12840710, 12840902, 12841046, 12841190, 12841382, 12841526, 12841718, 12841862, 12842006, 12842198, 12842342, 12842486, 12842678, 12842822, 12843014, 12843158, 12843302, 12843494, 12843638, 12843830, 12843974, 12844118, 12844310, 12844454, 12844646, 12844790, 10878134, 10878278, 10878422, 10878566, 10878662, 10878806, 10878950, 10879046, 10879190, 10879334, 10879430, 10879574, 10879718, 10879814, 8916458, 8916554, 8916650, 8916746, 8916842, 8916938, 8917034, 8917130, 8917226, 8917322, 33552323, 10855142, 10855286, 10855430, 10855526, 10855670, 10855814, 10855910, 10856054, 10856198, 10856294, 10856438, 10856582, 10856678, 10856822, 10856966, 10857062, 10857206, 10857350, 10857494, 10857590, 10857734, 10857878, 10857974, 10858118, 10858262, 10858358, 10858502, 10858646, 10858742, 10858886, 10859030, 10859126, 10859270, 10859414, 10859558, 10859654, 10859798, 10859942, 10860038, 10860182, 10860326, 10860422, 10860566, 10860710, 10860806, 10860950, 10861094, 10861190, 10861334, 10861478, 10861574, 10861718, 10861862, 10862006, 10862102, 10862246, 10862390, 10862486, 10862630, 10862774, 10862870, 10863014, 10863158, 10863254, 10863398, 10863542, 10863638, 10863782, 10863926, 10864070, 10864166, 10864310, 10864454, 10864550, 10864694, 10864838, 10864934, 10865078, 10865222, 10865318, 10865462, 10865606, 10865702, 10865846]"
0,69,Qwen/Qwen3-30B-A3B-Instruct-2507,1176,159,51972752684,53815842492,1843089808,8559470,42231735,11397835,"[12837638, 12837782, 12837974, 12838118, 12838262, 12838454, 12838598, 12838790, 12838934, 12839078, 12839270, 12839414, 12839558, 12839750, 12839894, 12840086, 12840230, 12840374, 12840566, 12840710, 12840902, 12841046, 12841190, 12841382, 12841526, 12841718, 12841862, 12842006, 12842198, 12842342, 12842486, 12842678, 12842822, 12843014, 12843158, 12843302, 12843494, 12843638, 12843830, 12843974, 12844118, 12844310, 12844454, 12844646, 12844790, 10878134, 10878278, 10878422, 10878566, 10878662, 10878806, 10878950, 10879046, 10879190, 10879334, 10879430, 10879574, 10879718, 10879814, 8916458, 8916554, 8916650, 8916746, 8916842, 8916938, 8917034, 8917130, 8917226, 8917322, 33552323, 10855142, 10855286, 10855430, 10855526, 10855670, 10855814, 10855910, 10856054, 10856198, 10856294, 10856438, 10856582, 10856678, 10856822, 10856966, 10857062, 10857206, 10857350, 10857494, 10857590, 10857734, 10857878, 10857974, 10858118, 10858262, 10858358, 10858502, 10858646, 10858742, 10858886, 10859030, 10859126, 10859270, 10859414, 10859558, 10859654, 10859798, 10859942, 10860038, 10860182, 10860326, 10860422, 10860566, 10860710, 10860806, 10860950, 10861094, 10861190, 10861334, 10861478, 10861574, 10861718, 10861862, 10862006, 10862102, 10862246, 10862390, 10862486, 10862630, 10862774, 10862870, 10863014, 10863158, 10863254, 10863398, 10863542, 10863638, 10863782, 10863926, 10864070, 10864166, 10864310, 10864454, 10864550, 10864694, 10864838, 10864934, 10865078, 10865222, 10865318, 10865462, 10865606, 10865702, 10865846, 8923466, 8923562, 8923658, 8923754]"
0,71,Qwen/Qwen3-30B-A3B-Instruct-2507,1176,159,52829705850,54388445360,1558739510,4607759,38160082,9623920,"[10855142, 10855286, 10855430, 10855526, 10855670, 10855814, 10855910, 10856054, 10856198, 10856294, 10856438, 10856582, 10856678, 10856822, 10856966, 10857062, 10857206, 10857350, 10857494, 10857590, 10857734, 10857878, 10857974, 10858118, 10858262, 10858358, 10858502, 10858646, 10858742, 10858886, 10859030, 10859126, 10859270, 10859414, 10859558, 10859654, 10859798, 10859942, 10860038, 10860182, 10860326, 10860422, 10860566, 10860710, 10860806, 10860950, 10861094, 10861190, 10861334, 10861478, 10861574, 10861718, 10861862, 10862006, 10862102, 10862246, 10862390, 10862486, 10862630, 10862774, 10862870, 10863014, 10863158, 10863254, 10863398, 10863542, 10863638, 10863782, 10863926, 10864070, 10864166, 10864310, 10864454, 10864550, 10864694, 10864838, 10864934, 10865078, 10865222, 10865318, 10865462, 10865606, 10865702, 10865846, 8923466, 8923562, 8923658, 8923754, 8177942, 8177990, 8178038, 8178086, 8178182, 8178230, 8178278, 8178374, 8178422, 8178470, 8178518, 8178614, 8178662, 8178710, 8178806, 8178854, 8178902, 8178950, 8179046, 8179094, 8179142, 8179190, 8179286, 8179334, 8179382, 8179478, 8179526, 8179574, 8179622, 8179718, 8179766, 8179814, 8179910, 8179958, 8180006, 8180054, 8180150, 8180198, 8180246, 8180294, 8180390, 8180438, 8180486, 8180582, 8180630, 8180678, 8180726, 8180822, 8180870, 8180918, 8181014, 8181062, 8181110, 8181158, 8181254, 8181302, 8181350, 8181398, 8181494, 8181542, 8181590, 8181686, 8181734, 8181782, 8181830, 8181926, 8181974, 8182022, 8182118, 8182166]"
